url,industry,title,keywords,description
faloo.com,休闲娱乐,飞卢中文网,百度关键词 | 飞卢小说网 | 长相思小说 | 飞卢中文网 | 飞卢小说 | 小说txt | 360关键词 | 飞卢小说网 | 飞卢 | 飞卢中文网 | 飞卢小说 | 重生之门下载,"飞卢中文网（www.faloo.com）提供原创小说阅读,包括：言情小说,玄幻小说,同人小说,穿越小说、青春校园小说等精彩很Hi的小说在线阅读及小说下载。"
kuwo.cn,休闲娱乐,酷我音乐,百度关键词 | 酷我音乐 | 酷我 | 歌曲下载 | 波点音乐 | 只因你太美 | 360关键词 | 音乐 | 酷我音乐 | 在线音乐 | 酷我 | 音乐在线听,"酷我音乐是无损音乐正版在线试听网站,酷我音乐为您提供高品质音乐,无损音乐下载,免费无损下载,hifi音乐下载,音乐播放器,音乐在线听等服务.酷我音乐拥有权威的音乐榜单,快捷的新歌速递,完善的主题电台,个性化的歌曲推荐,好音质,用酷我"
qianp.com,休闲娱乐,千篇网,百度关键词 | 扫雷 | 部首 | 正则 | 品茗 | 天根 | 360关键词 | 高压监狱 | 以小见大 | 肝胆相照 | 四点底 | 万事如意,千篇网-一个懂你的资源、知识、资讯分享网站
ximalaya.com,休闲娱乐,喜马拉雅FM,百度关键词 | 喜马拉雅 | 喜马拉雅听书免费版 | 喜马拉雅听书 | 喜马拉雅fm | 喜马拉雅app官网 | 360关键词 | 喜马拉雅 | 喜马拉雅听书免费版 | 有声小说 | 听书 | 美美与共,喜马拉雅fm是专业的音频分享平台，汇集了有声小说，有声读物，有声书，儿童睡前故事，相声小品，鬼故事等数亿条音频，超过4.5亿用户选择的网络电台。听书，听小说等有声读物，就在喜马拉雅fm。随时随地，听我想听。
yx007.com,休闲娱乐,007小游戏,百度关键词 | 韩剧tv官方下载 | tiktok国际版下载 | 云海电视 | 电视家4.0永久免费版 | vidhub | 360关键词 | 骏游斗地主赚钱版 | 次元城动漫下载 | 牛牛视频 | 热血江湖私发网 | 小苹果影视tv,007小游戏（www.yx007.com）为您提供好玩的小游戏、在线小游戏、双人小游戏、无敌版小游戏、化妆小游戏、连连看小游戏、黄金矿工小游戏、斗地主小游戏、超级玛丽小游戏、美女小游戏、mm小游戏、做饭小游戏、成人小游戏、33666小游戏等。
jianshu.com,休闲娱乐,简书,百度关键词 | 简书 | lvs | rps | 蜜柑计划 | v-if | 360关键词 | 简书 | jwt | 思维导图软件 | prd | markdown语法,简书是一个将写作与阅读整合在一起的阅读社区。隶属于上海佰集信息科技有限公司。
huya.com,休闲娱乐,虎牙直播,百度关键词 | 虎牙 | 虎牙直播 | huya | hy | huy | 360关键词 | 虎牙 | 虎牙直播 | huya | hy | huy,"虎牙直播是第一游戏直播互动平台,200万人同时在线,提供高清、流畅的赛事直播和游戏直播.虎牙包含英雄联盟lol直播、dota2直播、dnf直播等热门游戏直播以及单机游戏、手游等游戏直播"
gamersky.com,休闲娱乐,游民星空,百度关键词 | 游民星空 | 游民 | 游民星空官网 | gamersky | 好运连连棋牌游戏 | 360关键词 | 游民星空 | 游民 | 赛博朋克2077 | 暗黑4 | 黑色沙漠 游戏,"游民星空是国内单机游戏门户网站,提供具特色的游戏资讯,新全的游戏下载,大量游戏攻略,经验,评测文章,以及新热门游戏资料专题。"
liqucn.com,休闲娱乐,历趣,百度关键词 | 温州云阅卷 | CF助手下载 | 图司机 | 招商证券智远一户通 | 快手小店商家版 | 360关键词 | 历趣 | 普大喜奔 | 历趣市场 | 手机应用程序 | 应用软件下载APP,历趣（www.liqucn.com）手机应用程序商店。提供海量手机应用软件、手机游戏、手机主题免费下载。
yw11.com,休闲娱乐,起名网,百度关键词 | 芃 | 嵊 | 起名网 | 森 | 胍 | 360关键词 | 名字 | 取名 | 起名 | 微信名 | 五行属金的字,"起名网是免费起名,取名,姓名测试综合起名字网站.提供起名字大全,周易免费起名,姓名测试打分等在线起名服务,专业的宝宝起名取名网."
hongxiu.com,休闲娱乐,红袖添香,百度关键词 | 红袖添香 | 肉文 | 我叫赵甲第小说 | 红楼如此多骄 | 孙悟空的人生模拟器 | 360关键词 | 红袖添香 | 小黄文 | 红袖添香小说网 | 爱在天上 | 夜的命名,"红袖添香唯一官方网站。红袖提供古言、现言、原创、玄幻、都市、言情、娱乐、种田、科幻、悬疑、灵异、穿越、重生、宠文等小说,全本免费手机小说阅读推荐,精彩尽在红袖添香。"
www.ixigua.com,休闲娱乐,西瓜视频,百度关键词 | 西瓜视频 | 亮剑 | 平凡的世界 | 大鱼海棠 | 为歌而赞 | 360关键词 | 西瓜视频 | 近1亿人次观看周杰伦线上演唱会 | 虹桥火车站遇离沪潮:进站排2小时 | 中国女排排名升至世界第二 | 中国女排战胜土耳其女排,西瓜视频由今日头条出品，主打个性化短视频推荐。截止到今年5月底，西瓜视频日活跃用户已经超过1000万，用户数达到1亿。
ali213.net,休闲娱乐,游侠网,百度关键词 | 游侠网 | 单机游戏 | 游侠对战平台 | s11 | 单机游戏之家 | 360关键词 | 游侠网 | 游侠 | 单机游戏 | 泰拉瑞亚 | dread hunger,游侠网为单机游戏玩家提供最新单机游戏业界动态、国内外单机游戏下载、单机游戏补丁、单机游戏攻略秘籍、单机游戏专题等内容。坚守单机阵地，弘扬单机文化！
2265.com,休闲娱乐,2265安卓网,百度关键词 | 火星直播 | 磁力猫最新版地址 | 侠盗飞车游戏 | 伯索学生端app | 模拟器游戏手机版 | 360关键词 | 晴天 | wink | 捕鱼下载 | 月光影院免费视频 | 淘宝下载安装,2265安卓网（www.2265.com）是提供(Android)安卓游戏下载的专业安卓站点。
www.douyin.com,休闲娱乐,抖音短视频,百度关键词 | 抖音 | 劳斯莱斯年审时被拉爆缸 | 抖音网页版 | 抖音官网 | douyin | 360关键词 | 抖音 | 抖音网页版 | 抖音官网 | douyin | 抖音下载,抖音，是一款可以拍短视频的音乐创意短视频社交软件，该软件于2016年9月上线，是一个专注年轻人的15秒音乐短视频社区。用户可以通过这款软件选择歌曲，拍摄15秒的音乐短视频，形成自己的作品。此APP已在Android各大应用商店和APP Store均有上线。
4399.com,休闲娱乐,4399小游戏,百度关键词 | 4399 | 4399小游戏 | 4399小游戏官网 | 4399.com | 4399游戏大全 | 360关键词 | 4399 | 4399小游戏 | 4399游戏盒 | 4399小游戏官网 | 节奏大师,"4399是中国领先的小游戏专业网站,免费为你提供小游戏大全,4399洛克王国小游戏,双人小游戏,连连看小游戏,赛尔号,奥拉星,奥奇传说小游戏,造梦西游3等新小游戏。"
koolearn.com,教育文化,新东方在线,百度关键词 | 新东方在线 | 四级考试报名官网 | usnews世界大学排名 | 新东方雅思 | 新东方考研 | 360关键词 | 新东方在线 | 雅思听力评分标准 | 英语四级考试时间 | 新东方考研 | 新东方考研在线官网,新东方在线是由新东方集团全资创办官方网校，提供出国留学、考研培训、英语培训和职业教育培训的综合网络教育培训机构，依托强大的新东方师资力量与教学资源，拥有先进的教学内容开发与制作团队，致力于为广大用户提供个性化、互动化、智能化的卓越在线学习体验。
puchedu.cn,教育文化,蒲城教育网,百度关键词 | 加强政治理论学习 | 为国家富强而奋斗的杰出人物手抄报 | 手抄报设计 | 挠脚心漫画 | 二年级手抄报 | 360关键词 | 奥特曼简笔画图片大全 | 100个简单的手工小制作 | 防疫黑板报 | 华表简笔画 | 小学生自制暗器100种,蒲城县教育局官方网站
xdf.cn,教育文化,新东方,百度关键词 | 新东方 | 新东方英语 | 新东方官网 | 北京中考时间2023年时间表 | 新东方云教室 | 360关键词 | 新东方 | 立冬习俗 | 七年级上册英语 | 新东方雅思 | 美剧排行榜前十名,新东方网（www.xdf.cn）是新东方教育科技集团推出的一站式学习互动交流平台，新东方网的内容涵盖了英语学习规划、成长导航、新东方搜课、新东方老师答问、在线咨询、网上测评、学习资讯、新东方学员服务、新东方社区等，更多精彩内容尽在新东方网。
dongao.com,教育文化,东奥会计在线,百度关键词 | 东奥 | 金额大写 | 净资产收益率计算公式 | 发票真伪查询 | 流动比率计算公式 | 360关键词 | 东奥 | 东奥会计 | 东奥会计在线 | 东奥会计在线网课 | www.dongao.com,"东奥会计在线是国内知名大型会计远程教育网校,提供注册会计师考试培训,初级、中级会计职称考试培训,注册税务师考试培训,会计继续教育培训,从业资格考试辅导。另外提供各类考试真题,模拟试卷,名师课件,疑难解答,考前强化,考后成绩查询等考试信息。"
xuexila.com,教育文化,学习啦,百度关键词 | 党建总结 | 爱人 电影 | 学习新党章 | 飞得更高歌词 | 学习啦 | 360关键词 | 脑筋急转弯 | 榜样的力量 | 通知 | 时光荏苒 | 偷着乐,学习啦（www.xuexila.com）在线学习网是一个学习、互助的平台，在这里你可以免费学习各种知识，包括：学习方法、记忆力/脑力提升、时间管理、英语学习、考试辅导、各种生活知识以及学习资料下载。
fanyi.youdao.com,教育文化,有道翻译,百度关键词 | 有道翻译 | 有道翻译在线 | 有道在线翻译 | 有道词典在线翻译 | 网易翻译 | 360关键词 | 有道翻译 | 有道翻译在线 | 翻译 在线 | 有道在线翻译 | 网易翻译,有道翻译提供即时免费的中、英、日、韩、法文全文翻译、网页翻译服务。
diyifanwen.com,教育文化,第一范文网,百度关键词 | 思想汇报 | 入团志愿书 | 大悲咒 | 入党志愿 | 入党介绍人意见 | 360关键词 | 入党志愿书 | 租房合同 | 生日祝福语 | 劳动合同 | 检讨书,第一范文网（www.diyifanwen.com）各种日常写作指导，同时提供范文参考。主要栏目有：范文大全、个人简历、教案下载、课件中心、 优秀作文、考试辅导、试题库、诗词鉴赏。
huatu.com,教育文化,华图教育官网,百度关键词 | 华图教育 | 华图 | 中国特色社会主义最本质的特征是 | 华图在线 | 中国特色社会主义最本质的特征 | 360关键词 | 华图教育 | 华图 | 华图在线 | 国考考试时间 | 长江学者,华图教育是华图宏阳股份旗下品牌，拥有遍布全国的数百家分支机构。主要产品包括中央和地方公务员招录考试辅导，事业单位、三支一扶、村官、选调生、招警等考试辅导。
ddnx.com,行业企业,大东女鞋 ,百度关键词 | 程普 | 聊天经典坑人套路 | 打12305投诉后悔了 | 12315不受理8条 | 1042 | 360关键词 | 蟹膏 | 轻浮 | 巫山神女 | 桑麻 | 工作责任心,大东女鞋官网ddnx.com 主要销售浙江大东鞋业有限公司的大东女鞋、大东女靴，和各种其它的大东鞋子。
qianlima.com,行业企业,千里马招标网,百度关键词 | 千里马招标网 | 乙方宝 | 千里马招标 | 全网商机 | 东莞市政府采购网 | 360关键词 | 千里马 | 千里马招标网 | 乙方宝 | 焦作市公共资源交易中心 | 千里马招标,千里马招标网是招标信息全、覆盖地区及招标行业广的招标网，每天更新50000条招标项目信息；千里马招标网已成为政府、招标单位、业主招标采购的首选平台；招投标就上千里马招标网。
www.adobe.com,行业企业,Adobe,百度关键词 | ps | adobe acrobat | adobe reader | adobe官网 | adobe photoshop | 360关键词 | ps | photoshop | adobe | adobe pdf | adobe官网,Adobe官方网站， 创建于1982年，是世界领先数字媒体和在线营销方案的供应商。公司总部位于美国加利福尼亚州圣何塞。
foodmate.net,行业企业,食品伙伴网,百度关键词 | 食品伙伴网 | 食品伙伴网标准下载 | 伙伴网 | 食品伙伴网国家标准下载 | 食品伙伴网 标准下载 | 360关键词 | 食品伙伴网 | 食品论坛 | 食品伙伴网国家标准下载 | 食品伙伴网标准下载中心 | 食品伙伴网 标准下载,"食品伙伴网是国内专业食品网站,关注食品安全,探讨食品技术,食品伙伴网论坛是中国大的食品技术交流社区，前端的食品技术讨论，专业的食品社区，与国内顶级食品专家的对话"
sto.cn,行业企业,申通快递,百度关键词 | 申通快递单号查询 | 申通 | 申通快递 | 申通快递查询 | 申通快递查询单号 | 360关键词 | 申通 | 申通快递 | 申通快递查询 | 申通快递电话 | 申通网点管家,"申通快递官网,申通快递,快递,发快递,快递员,业务员查询,上门取件,在线下单(寄件),申通营业网点查询,快递加盟,单号追踪跟踪查询,投诉电话查询,车辆信息,申通新闻,招聘等服务,全国统一客服热线：95543."
ems.com.cn,行业企业,中国邮政速递物流,百度关键词 | ems | ems快递单号查询 | 邮政快递 | ems快递查询 | 邮政单号查询 | 360关键词 | 邮政快递单号查询 | ems | ems快递单号查询 | 邮政快递 | 中国邮政快递查询,中国邮政速递物流（www.ems.com.cn）官方网站。
www.haier.com,行业企业,海尔官网,百度关键词 | 海尔空调 | 海尔 | 海尔智家 | 海尔官网 | 海尔集团 | 360关键词 | 海尔空调 | 海尔 | 海尔智家 | 海尔官网 | 海尔净水,青岛海尔集团产品官方网站，提供海尔智慧家庭智能家电全套解决方案，海尔冰箱、海尔空调、海尔洗衣机、海尔电视、海尔热水器、海尔厨电、海尔厨房、海尔电脑、海尔手机、海尔生活家电、海尔智能电器等新全产品信息发布查询及排行榜，会员权益、优惠活动、购买渠道选择、售后服务、网上报修等一站式体验。
oracle.com,行业企业,Oracle 官网,百度关键词 | oracle | 甲骨文 | jdk下载 | oracle数据库 | oracle官网 | 360关键词 | oracle | jdk | jdk下载 | oracle官网 | java17,oracle offers a comprehensive and fully integrated stack of cloud applications and platform services.
xbiao.com,行业企业,腕表之家,百度关键词 | 腕表之家 | 劳力士绿水鬼 | 手表论坛 | 5172 | 腕表之家官网 | 360关键词 | 腕表之家 | 手表 | 理查德米勒 | 绿水鬼 | hublot,"腕表之家(xbiao.com)为您提供新手表品牌排名,新手表报价信息,手表品牌官网信息,并包括手表新闻,手表图片,手表论坛,手表购买,手表维修等内容,为您购买品牌手表提供有价值的参考,是爱表人士的佳交流平台."
mysteel.com,行业企业,我的钢铁网,百度关键词 | 我的钢铁网 | 我的钢铁 | 钢铁网 | 我的钢材网 | 上海钢联 | 360关键词 | 我的钢铁网 | 我的钢铁 | mysteel | 我的钢材网 | 钢材网,"我的钢铁网是中国钢铁行业钢材价格信息全面的门户网站，包括钢铁网,钢材网,钢铁价格,钢材价格,钢铁行情,钢材行情,钢材价格走势,钢铁价格走势,钢铁市场,钢材市场,钢铁行业分析等信息，为国内钢铁企业、钢材企业提供新的钢材价格行情资讯和钢材现货电子商务服务。"
znds.com,综合其他,智能电视网,百度关键词 | 电视app | znds | 智能电视论坛 | 电视论坛 | 85寸电视长宽多少厘米 | 360关键词 | 影视 | 电视盒子 | 韩国综艺 | 智能电视网 | uhd,智能电视网致力于打造国内第一智能电视门户www.znds.com，我们专注推动国内智能电视和智能机顶盒发展。团队具有十余年资深互联网经验和强大的技术实力，因为我们用心，所以我们更加专业！
sgcc.com.cn,行业企业,国家电网公司,百度关键词 | 国家电网 | 国家电网招聘网官网 | 国家电网招聘 | 网上国网 | 国网电子商务平台 | 360关键词 | 国家电网 | 国家电网招聘网官网 | 国家电网招聘 | 95598 | 国网,国家电网公司官网（www.sgcc.com.cn）。
www.189.cn,行业企业,中国电信网上营业厅,百度关键词 | 电信 | 中国电信网上营业厅 | 电信营业厅 | 电信宽带 | 中国电信营业厅 | 360关键词 | 中国电信 | www. | 电信 | 中国电信网上营业厅 | 电信营业厅,中国电信网上营业厅（www.189.cn）为您提供手机购买、充值交费、业务办理、费用查询、帐单查询、积分查询、选号、在线客服、故障申告、投诉咨询及业务介绍等全方位的电子自助服务；中国电信—世界触手可及。
bajiu.cn,行业企业,八九网,百度关键词 | 实景地图 | 北斗卫星地图 | 天荒地老 | 北斗卫星实景地图 | 三维地图实景免费版 | 360关键词 | 北斗地图 | 世界时钟 | 89 | 北斗地图高清卫星地图 | 北斗卫星实景地图,八九网，bajiu.cn，是专业的网上查询系统，是免费的问题索答平台。八九网期待着与您一道，分享知识，体验快乐！89网，欢迎您再次光临。
hp.com,行业企业,惠普官方网站,百度关键词 | 惠普官网 | hp | 惠普打印机 | 惠普打印机驱动 | hp官网 | 360关键词 | 惠普官网 | 惠普 | hp | 惠普打印机 | 惠普打印机驱动,购买，了解更多惠普打印机，笔记本，台式机 等相关信息。
elecfans.com,行业企业,电子发烧友,百度关键词 | 电子发烧友 | 电子发烧友网 | 电子发烧友论坛 | 电子论坛 | 2280 | 360关键词 | 电子发烧友 | hd | pga | 开根号 | 模拟电路,"电子发烧友网站提供各种电子电路，电路图，原理图,IC资料，技术文章，免费下载等资料，是广大电子工程师所喜爱电子资料网站。"
samsung.com,行业企业,三星电子,百度关键词 | 三星 | 三星手机 | samsung | 三星打印机官网 | 三星手机官网 | 360关键词 | 三星 | 三星官网 | 三星官网网站 | samsung | 三星打印机官网,三星手机等产品官方网站。想象三星能为您做什么？在这里您可以找到三星手机、三星笔记本、三星显示器、三星电视、三星数码相机、三星打印机、三星家电等三星产品官方介绍及服务支持信息。
www.10086.cn,行业企业,中国移动通信集团公司,百度关键词 | 中国移动 | 中国移动官网 | 移动 | 移动网上营业 | 中国移动网上营业厅 | 360关键词 | 中国移动 | 10086 | 中国移动官网 | 移动 | 移动网上营业,中国移动通信集团公司（www.10086.cn）是中国规模大的移动通信运营商，主要经营移动话音、数据、IP电话和多媒体业务，并具有计算机互联网国际联网单位经营权和国际出入口局业务经营权。
chinapp.com,行业企业,中国品牌网,百度关键词 | 品牌网 | 自行车品牌排行榜前十名 | 排行榜 | 中国品牌网 | 月子会所 | 360关键词 | 品牌 | 品牌网 | 灯具品牌排行前十名 | 奶茶品牌 | 热水器哪个牌子好十大排名,"中国品牌网,中文品牌网,全球品牌网,中国品牌网,中国第一品牌网,全球中文品牌网"
www.microsoft.com,行业企业,微软官网,百度关键词 | excel | windows | edge | 微软官网 | microsoft | 360关键词 | excel | windows10 | windows | edge | microsoft,微软（Microsoft），是一家总部位于美国的跨国科技公司，是世界PC（Personal Computer，个人计算机）机软件开发的先导，由比尔&#183;盖茨与保罗&#183;艾伦创办于1975年，公司总部设立在华盛顿州的雷德蒙德市（Redmond，邻近西雅图）。以研发、制造、授权和提供广泛的电脑软件服务业务为主。
yto.net.cn,行业企业,圆通快递官网,百度关键词 | 圆通快递查询单号 | 圆通 | 圆通快递 | 圆通快递查询 | 圆通速递 | 360关键词 | 圆通 | 圆通快递 | 圆通快递查询 | 圆通速递 | 圆通官网,圆通速递创建于2000年5月28日，经过近十四年的发展，已成为一家集速递、航空、电子商务等业务为一体的大型企业集团，形成了集团化、网络化、规模化、品牌化经营的新格局，为客户提供一站式服务
xinpianchang.com,行业企业,新片场,百度关键词 | 新片场 | 企业宣传片 | 新片 | 新片场视频素材 | 公司的宣传片 | 360关键词 | 新片场 | ok模板网 | 中老铁路线路图 | 布谷tv | 新片场视频素材,新片场是国内专业的影视创作人社区，汇聚众多优秀创作人，提供作品展示、项目交流、拍摄制作机会等影视行业服务。在这里，你可以找到合适的创作人；在这里，用作品打动世界！
tencent.com,行业企业,腾讯,百度关键词 | 腾讯会议 | 腾讯云 | 腾讯 | 腾讯会议app下载 | 腾讯会议电脑版 | 360关键词 | 腾讯会议 | 腾讯云 | 腾讯招聘 | 腾讯会议官网 | 腾讯会议网页版,腾讯公司官网，深圳市腾讯计算机系统有限公司成立于1998年11月，由马化腾、张志东、许晨晔、陈一丹、曾李青五位创始人共同创立。  是中国大的互联网综合服务提供商之一，也是中国服务用户多的互联网企业之一。
11467.com,行业企业,顺企商务网,百度关键词 | 顺企网 | iso20000 | sdfsf | 隐形纱窗生产厂家电话 | 抖店入驻 | 360关键词 | 顺企网 | ncc | eac | 自动化生产线机械手 | 巨量千川推广怎么投,"顺企网（www.11467.com）于2007年4月创建，是全国企业信息平台, 这里收集了广大企业的基本信息, 企业也可以在这里完善资料而成为一个独立的网站。"
sf-express.com,行业企业,顺丰快递官网,百度关键词 | 顺丰 | 顺丰快递单号查询 | 顺丰快递 | 顺丰快递查询 | 顺丰官网 | 360关键词 | 顺丰 | 顺丰快递单号查询 | 顺丰快递 | 顺丰快递查询 | 顺丰官网,"顺丰快递官方网站（www.sf-express.com）,顺丰速运（集团）有限公司（以下简称顺丰）于1993年成立，总部设在深圳，是一家主要经营国内、国际快递及相关业务的服务性企业。"
huangye88.com,行业企业,黄页88网,百度关键词 | 消防网 | 黄页88网 | 软文轩 | 中国黄页网 | 消防维保公司 | 360关键词 | 黄页88 | 黄页 | 阿法拉伐 | 消防网 | 焦化厂,黄页88（www.huangye88.com）是中国领先的免费发布供求信息B2B电子商务网站，汇集海量免费企业黄页信息、供求信息，企业可以免费发布供求信息、免费发布信息、免费发布产品信息。黄页88免费企业黄页大全网站是帮助企业网络销售产品、网上营销、网站推广的首选B2B网站。
dbw.cn,综合其他,东北网,百度关键词 | 东北 | 东北网 | 破解版游戏下载 | 绥化新闻网 | 鸡西新闻网 | 360关键词 | 东北网 | 通缉令 | 通缉 | 虎头要塞 | 助企纾困,"东北网,黑龙江东北网,东北新闻,黑龙江门户网站,黑龙江,黑龙江新闻,东北网评,东北社区,博客,新闻线索,综合,电子报,手机报,龙江视频,民声,资讯,房产,汽车,健康,旅游,生活,企业,IT,访谈。"
rednet.cn,综合其他,红网,百度关键词 | 红网 | 醴陵 | 问政湖南 | 湖南红网 | 红网论坛 | 360关键词 | 红网 | 问政湖南 | 红辣椒 | 湖南红网 | 斗争精神,红网是湖南省委、省政府重点新闻网站，湖南综合门户网站，于2001年成立，2006年进入湖南出版投资控股集团，2010年红网随中南传媒一同上市，成为全国首家上市的地方新闻网站。目前综合实力位居全国地方新闻网站首位，国内所有新闻网站前九。
news.ifeng.com,新闻媒体,凤凰资讯,百度关键词 | 凤凰资讯 | 凤凰新闻网 | 凤凰资讯台 | www 88btbt cnm | 大翻译运动 | 360关键词 | 凤凰新闻 | 凤凰资讯 | 在人间 | 大翻译运动 | 何韵诗,凤凰网资讯、凤凰网新闻24小时提供大陆、台湾、香港、国际重大新闻资讯，每天发布财经、房产、汽车、军事、历史、文化、教育、娱乐、时尚、亲子等数万条新闻。
guancha.cn,新闻媒体,观察者网,百度关键词 | 观察者网 | 观察者 | car-t | 观察者网-中国关怀 全球视野 | 观察网 | 360关键词 | 观察者网 | 观察者 | 五十度灰 | 这就是中国 | 航母,观察者网，致力于荟萃中外思想者精华，鼓励青年学人探索，建中西文化交流平台，为崛起中的精英提供决策参考。      
huawei.com,行业企业,华为,百度关键词 | 华为 | 华为官网 | 华为手机助手 | 华为云空间 | huawei | 360关键词 | 华为 | 华为官网 | 华为云 | 华为手机助手 | 华为云空间,huawei is a leading global provider of information and communications technology (ict) infrastructure and smart devices.
mgtv.com,新闻媒体,芒果TV,百度关键词 | 芒果tv | 以爱为营 | 向往的生活 | 芒果tv官网 | 爱的修学旅行 | 360关键词 | 芒果tv | 芒果tv官网 | 芒果 | mgtv | 乘风破浪的姐姐4,芒果TV，由湖南快乐阳光互动娱乐传媒有限公司（简称“快乐阳光”）负责具体运营。公司系湖南广播电视台全力发展网络视频业务的唯一新媒体机构，是芒果传媒旗下全资子公司。快乐阳光成立于2006年5月，自2008年开始启用芒果TV作为视频平台呼号，通过数年发展，形成以“芒果TV”为品牌的产业格局，包括芒果TV（互联网
ce.cn,综合其他,中国经济网,百度关键词 | 经济日报 | 中国经济网 | 中国经济 | 地方党政人物库资料 | 经济日报电子版 | 360关键词 | dd373游戏交易平台 | 脱贫攻坚 | pornhub.com | 经济日报 | 中国经济网,中国经济网是国家重点新闻网站中唯一以经济报道为中心的综合新闻网站，每日采写大量经济新闻，同时整合国内主要媒体经济新闻及信息，为政府部门、企业决策提供权威的参考依据；为所有关注经济生活的网络读者提供丰富及时的经济新闻。
takungpao.com,新闻媒体,大公网,百度关键词 | 大公网 | 大公报 | 大公报网 | 大公教育 | 八重神子雷电将军互慰 | 360关键词 | 大公网 | 大公报 | 香港大公报 | 大公 | 香港报纸,大公网
news.china.com,新闻媒体,中华网新闻频道,百度关键词 | 吴建豪 | 黑洞加速器 | 周迅陈坤 | 天王嫂 | 金莎结婚 | 360关键词 | 袁华 | 张旭东 | 10岁娃用牙洞修复牙膏后损失6颗牙 | 中俄这次联合空中巡航有何不同? | 中国唯一一只金色熊猫,中华网新闻频道
youth.cn,新闻媒体,中国青年网,百度关键词 | 智慧团建 | 智慧团建官网 | 网上共青团智慧团建 | 智慧团建登录入口 | 共青团网上智慧团建 | 360关键词 | 智慧团建 | 智慧团建官网 | 中国青年网 | 智慧团建登录入口 | 共青团网上智慧团建,中国青年网，1999年5月4日正式开通，共青团中央主办的中央重点新闻网站，是国内大的青年主流网站。中国青年网竭诚服务青年的文化、心理、情感和创业需求，是共青团运用网络文化元素吸引青年的新载体和引导青年的新途径，为团组织通过新媒体融入青年提供有力支撑。 中国青年网拥有400余个子网站，2000多个栏目，用
news.sina.com.cn,新闻媒体,新浪新闻,百度关键词 | 新浪新闻 | 新浪新闻首页 | 新闻热点 | 花呗怎么套现 | 新浪新闻中心 | 360关键词 | 新闻 | 新浪新闻 | 新浪新闻首页 | 新闻网 | 四川一动力三角翼坠落 2人死亡,新浪网新闻中心是新浪网重要的频道之一，24小时滚动报道国内、国际及社会新闻。每日编发新闻数以万计。
toutiao.com,新闻媒体,今日头条,百度关键词 | 今日头条 | 头条 | 头条号 | 今日头条官网 | 今日头条电脑版 | 360关键词 | 今日头条 | 头条 | 头条号 | 今日头条官网 | 磁力狗,《今日头条》(www.toutiao.com)是一款基于数据挖掘的推荐引擎产品，它为用户推荐有价值的、个性化的信息，提供连接人与信息的新型服务，是国内移动互联网领域成长快的产品服务之一。
mnw.cn,新闻媒体,闽南网,百度关键词 | 哈尔滨大妈雪地干洗呢子大衣 | 男孩因竖中指被爸爸罚竖1小时 | 句句不提生日 句句都是生日 | 党的根本性建设 | 闽南网 | 360关键词 | 披荆斩棘的哥哥 | 文案 | 超星平台学生登录入口 | 青年大学习第十季第七期答案 | 辽宁男篮卫冕cba冠军 姚明颁奖,闽南网(www.mnw.cn)由福建日报社（报业集团）主管，是福建主流媒体，闽南门户网站。闽南网主打新闻中心、闽南房产家装、闽南视频、闽南图库、闽南汽车、闽南文化等频道。闽南网是集新闻信息、城市生活、互动活动于一体的区域性综合门户网站。
81.cn,教育文化,中国军网,百度关键词 | 军队人才网 | 军队文职 | 军队人才 | 部队文职 | 军事人才文职招聘网官网 | 360关键词 | 军队人才网 | 军队文职 | 军队人才 | 南昌起义 | 部队文职,"中国军网是经中央军委批准的中国人民解放军唯一新闻门户网站，第一时间向全球网民发布权威军事资讯，追踪军事热点，反映军事动态，介绍国内外新武器发展动态，拥有中国大的军事图片库，提供独家发布的军事视频。”
"
jstv.com,新闻媒体,江苏网络电视台,百度关键词 | 江苏卫视 | 一站到底 | 江苏电视台 | 江苏卫视在线直播 | jstv | 360关键词 | 非诚勿扰 | 江苏卫视 | 非诚勿扰2023年最新一期 | 江苏电视台 | 江苏卫视在线直播,江苏网络电视台是由江苏广电总台（集团）竭力打造的专业网络传播平台，作为江苏广电总台的官方网站，囊括了江苏卫视、城市、综艺、影视、体育、少儿、国际、公共等11个频道的视频资源库，独家提供节目视频直播、点播，内容预告、现场图片跟踪、话题讨论等节目网络互动和交流。
dzwww.com,综合其他,大众网,百度关键词 | 大众日报 | 大众网 | 江湖淫娘 | 色人阁 | 电话轰炸软件 | 360关键词 | 身份证号 | 大众日报 | 大众网 | 身份证号大全 | 培训班,"山东新闻第一网 山东网友生活圈 移动互联新门户 山东新闻信息权威发布平台,山东重点新闻网站和外宣网站,大众报业集团网站,以中共山东省委机关报大众日报为旗帜和核心的报业集团。集团拥有大众日报、农村大众、齐鲁晚报、生活日报、鲁中晨报、半岛都市报、经济导报、青年记者、小记者等报纸、刊物。"
cntv.cn,休闲娱乐,央视网,百度关键词 | 央视影音 | cntv | 郭晶晶 | 电视直播在线观看 | 新闻30分 | 360关键词 | 美丽中国 | 世界上的另一个我 | 网络加速器 | 国家领导人 | 新闻1+1,央视网（www.cctv.com）由中央电视台主办，为国家重点新闻网站，是集新闻、信息、娱乐、服务为一体的具有视听互动特色的综合性门户网站。
cnr.cn,新闻媒体,中国广播网,百度关键词 | 央广网 | 索罗斯 | 中央广播电视总台 | 中国之声 | 中央人民广播电台 | 360关键词 | 央广网 | 中央广播电视总台 | 中国之声 | 中央人民广播电台 | 齐心协力,央广网由中央人民广播电台主办，是中央重点新闻网站，以独家、快速原创报道闻名，以音频收听为特色，将打造为新闻门户，成为优势突出、特色鲜明的多媒体集群网站
xinhuanet.com,综合其他,新华网,百度关键词 | 新华社官网 | 新华每日电讯 | 陈希 | 100周年 | 188体育开户 | 360关键词 | 新华网 | 新华社 | 中国梦 | 国家主席 | 十九届六中,新华网是由党中央直接部署，国家通讯社新华社主办的中央重点新闻网站主力军，是党和国家重要的网上舆论阵地，在海内外具有重大影响力。
thepaper.cn,新闻媒体,澎湃新闻,百度关键词 | 大妈买海鱼红烧后半夜发绿光 | 成都欢乐谷“唐僧”走红 | 澎湃新闻 | 张桂梅 | 澎湃 | 360关键词 | 澎湃新闻 | 涉过愤怒的海 | 澎湃 | 帕梅拉 | 教育部:推进中高考内容改革,澎湃是植根于中国上海的时政思想类互联网平台，以活跃的原创新闻与冷静的思想分析为两翼，是互联网技术创新与新闻价值传承的结合体，致力于问答式新闻与新闻追踪功能的实践，澎湃，澎湃新闻，澎湃新闻网，新闻与思想
chinanews.com,综合其他,中国新闻网,百度关键词 | 中国新闻网 | 中新网 | 新闻网 | 玉蒲团 | 中新社 | 360关键词 | 颜宁 | 严歌苓 | 蔡霞 | 上海新闻 | 广东电信故障,"中国新闻网是知名的中文新闻门户网站，也是全球互联网中文新闻资讯重要的原创内容供应商之一。依托中新社遍布全球的采编网络,每天24小时面向广大网民和网络媒体，快速、准确地提供文字、图片、视频等多样化的资讯服务。在新闻报道方面，中新网动态新闻及时准确，解释性报道角度独特，稿件被国内外网络媒体大量转载"
chinadaily.com.cn,新闻媒体,中国日报网,百度关键词 | china daily | 中国日报 | chinadaily | 中国日报网 | .com忘忧草在线社区www日本 | 360关键词 | china daily | 中国日报 | chinadaily | 免费vpn | 代理浏览器在线,中国日报网站，国家六大重点媒体网站之一  ，是集新闻信息、娱乐服务为一体的综合性新闻媒体网站。日访问量5200万人次，服务于国内外主流中高端读者群，备受海内外各领域高层次读者青睐，是沟通中国与世界的网上桥梁。
china.com.cn,综合其他,中国网,百度关键词 | 中国网 | 重庆新闻 | vpn加速器 | 1024xp | vpn免费 | 360关键词 | 中国网 | 主题教育总要求 | 健康中国 | 吴凡:动态清零要因时因势因地考量 | 19大,国家重点新闻网站，拥有十个语种独立新闻采编、报道和发布权；第一时间报道国家重大新闻事件；国情信息库服务全球读者了解中国；国务院新闻办公室发布会独家网络直播发布网站；拥有国内外顶级学者专家资源，独家编发各种相关政策解读。
gmw.cn,综合其他,光明网,百度关键词 | 光明日报 | 光明网 | 光明日报电子版 | 党史上的今天 | 免费vpn | 360关键词 | skype | 光明日报 | 光明网 | 高考倒计时10天 | 新的远征,光明网是光明日报在网络时代的新延伸，也是国内唯一一家定位于思想理论领域的中央重点新闻网站。光明网坚持“可读、可信、可用”的办网原则，以“新闻视野、文化视角、思想深度、理论高度”为理念，努力打造“知识分子网上精神家园，权威思想理论文化网站”。
news.cctv.com,新闻媒体,央视网新闻中心,百度关键词 | 央视新闻 | 11.9 | 科技新闻 | 中央新闻 | 浙江新闻联播 | 360关键词 | 央视新闻 | 996 | 科技新闻 | 70 | 91视频,"CCTV.com央视网（中央电视台官方网站）新闻中心为全球用户24小时提供全面及时的中文资讯,同时开设视频、论坛等自由互动交流空间。 "
news.sohu.com,新闻媒体,搜狐新闻,百度关键词 | 樱花动漫 | 黄网站色视频免费 | 无损音乐下载 | 海角社区 | 91视频 | 360关键词 | 暗网 | 主题教育心得体会2023 | 黄色网址 | z-library | 刘乙冰,搜狐新闻频道
tvmao.com,新闻媒体,电视猫,百度关键词 | 问心 | cctv5节目表 | 电视猫 | 东方卫视 | 风起洛阳剧情介绍 | 360关键词 | 电视猫 | another | 重启 | 风起洛阳剧情介绍 | 明月山河,电视猫为您提供电视剧分集剧情介绍，新一期综艺节目预告及每周电视节目单;丰富的视频聚合在线观看非常方便，更新速度快。电视猫是您看电视看剧情的必备网站。
beijing.tianqi.com,生活服务,北京天气预报,百度关键词 | 大足 | 南汇天气 | 大港天气 | 汉沽天气 | 京唐港天气 | 360关键词 | 天气预报北京 | 天气预报 北京 | 北京地区天气预报 | 北京天气网 | 百度天气,"北京天气预报提供北京今日天气、明天天气以及北京未来一周的天气预报,可以实时查看北京天气预报一周、10天、15天的天气情况。旅游出行,从天气网开始！"
,新闻媒体,CCTV节目官网,百度关键词 | cctv5在线直播 | cctv5 | 新闻联播 | cctv1在线直播 | 今日说法 | 360关键词 | cctv5在线直播 | cctv5 | cctv1在线直播 | cctv1 | 中央电视台,"CCTV节目官网是中央电视台电视节目官方呈现平台,提供央视24个频道的直播、点播、节目预告等服务,集纳央视所有栏目、电影、电视剧、纪录片、动画片、体育赛事、特别节目等。"
loupan.com,生活服务,楼盘网,百度关键词 | 楼盘网 | 庄河房产网 | 万科是国企吗 | 一居室 | 物业费收费标准2023年新规定 | 360关键词 | 楼盘网 | 绿地率 | 房产证查询 | 深圳房价走势 | 涿州房价,"楼盘网是中国房地产家居门户信息网站,提供全面及时的房地产动态及楼盘新闻资讯.中国房地产楼盘一应俱全,是国内外房地产媒体公认的房地产家居网络传媒市场先驱者."
jobui.com,生活服务,职友集,百度关键词 | 职友集 | szzs | 宁波企业信贷公司 | 抗体制备公司 | 字节校招 | 360关键词 | 职友集 | 外企招聘网 | 软件公司 | 职友网 | 导医,职友集提供公司点评，职业点评，行业点评，专业点评。就业有难题，来问职友集。
zx123.cn,生活服务,装修123网,百度关键词 | 集成墙面多少钱一平米 | 净水器安装 | 别墅装修设计 | 欧式风格装修图片 | 一体装修 | 360关键词 | 爱空间 | 培训机构装修 | 办公室装修 | 家装 | 知名庭院设计公司,"装修123网中国装修一站式服务平台,专业装修网,入驻全国上万家装修公司与设计师,为全国业主提供傻瓜式装修服务:发布装修招标免费申请本地装修装饰公司上门量房报价对比,并享受充分的第三方装修保障,同时整理丰富的装修知识学习装修经验、提供精美的装修效果图参考,让您轻轻松松搞装修!"
51job.com,生活服务,前程无忧,百度关键词 | 前程无忧 | 51job | 招聘 | 51job招聘网 | 51job招聘网最新招聘信息 | 360关键词 | 前程无忧 | 51job | 51job招聘网 | 前程无忧招聘网 | 51job招聘网最新招聘信息,前程无忧为个人提供全新准确的企业职位招聘信息，为企业提供人才招聘、猎头、培训、测评和人事外包在内的全方位的人力资源服务，帮助个人求职者与企业搭建佳的人才招募和人才培养渠道。
jia.com,生活服务,齐家网,百度关键词 | pp材质是什么材料 | 钢筋重量计算公式 | 干粉灭火器适用于 | 亚克力是什么材料 | 防水等级 | 360关键词 | 装修 | 齐家网 | 满五唯一 | 齐家 | 电动晾衣架耐不耐用,齐家网（www.jia.com），是齐家网为了应对和满足未来装修建材家居市场，完善家装用户网购体验，依托齐家网巨大的资金和技术，而投资建立的线上交易平台；未来将建设成为互联网家装领域第一品牌。
qq.ip138.com,生活服务,IP地址查询,百度关键词 | 火车时刻表 | 列车时刻表查询 | 1163 | 1164 | 阴历查询 | 360关键词 | 实时汇率查询 | 万年 | 身份证验证 | 天气在线 | 全国主要城市天气预报,IP地址查询
detail.zol.com.cn,生活服务,中关村在线报价查询频道,百度关键词 | 5600 | g102 | 尼康z8 | zgc | hgst | 360关键词 | 华为mate60pro | iphone15 | 三星s22 | 华为matex2官网价格 | 荣耀70,"中关村在线it数码产品报价库提供500多个类别，110万it数码产品实时权威的报价,包括手机数码、diy配件、笔记本整机、网络设备、办公外设、数字家庭等it数码新品报价,为您购买it产品提供实用的参考,实时权威的it产品报价尽在中关村在线产品库"
liepin.com,生活服务,猎聘网,百度关键词 | 猎聘 | 猎聘网 | 猎聘网招聘 | 猎聘网招聘官网 | liepin | 360关键词 | 猎聘 | 猎聘网 | 猎聘网招聘 | fesco招聘 | 猎聘网招聘官网,"猎聘网为招聘中高端人才提供超过500万条精英职业找工作信息,70000多位猎头在线为您提供找工作服务,覆盖40多个招聘行业,发布世界500强企业招聘信息。猎聘网,精英职业发展平台!"
xueqiu.com,生活服务,雪球,百度关键词 | 雪球网 | 300342 | 300398 | st华钰 | 欢聚时代股票 | 360关键词 | 雪球 | 雪球网 | 行情 | trustdata | 复合集流体,雪球是全球化的投资交流平台，给投资者提供跨市场、跨品种的数据查询、新闻订阅和互动交流服务，目前已覆盖A股、港股、美股市场。
hexun.com,综合其他,和讯网,百度关键词 | 汇率 | 美元兑人民币汇率 | 美元 | 汇率换算 | 人民币 | 360关键词 | 和讯网 | ft中文网 | 白银价格 | 萝莉 | 和讯,和讯网-中国财经网络领袖和中产阶级网络家园，创立于1996年，为您全方位提供财经资讯及全球金融市场行情，覆盖股票、基金、期货、股指期货、外汇、债券、保险、银行、黄金、理财、股吧、博客等财经综合信息
fang.com,生活服务,搜房网房天下,百度关键词 | 苏钢集团否认隐瞒土壤污染风险 | 房天下 | 长沙房价 | 房天下官网 | 房天下房产网 | 360关键词 | 房天下 | 深圳房价 | 买房 | 房子 | 房天下房产网,厦门房天下是房地产家居网络平台，提供及时的房地产新闻资讯内容，为楼盘提供网上浏览、业主论坛和社区网站，房地产精英人物个人主页，是国内房地产媒体及业内外网友公认的房地产网络平台，房天下引擎给网友提供房地产网站中速度快捷内容全面的智能搜索。
anjuke.com,生活服务,安居客,百度关键词 | 安居客 | 移动经纪人登录 | 中国网络经纪人登录 | 安居客二手房出售信息 | 中国经纪人登录平台 | 360关键词 | 安居客 | 移动经纪人登录 | 移动经纪人 | 安居客二手房出售信息 | 中国经纪人登录平台,安居客(上海瑞家信息技术有限公司)成立于2007年，是国内知名房地产信息服务平台。2015年3月，58同城正式并购安居客。2016年5月8日，58同城品牌升级，正式成立58集团，安居客成为58集团子品牌。
finance.sina.com.cn,生活服务,新浪财经,百度关键词 | 男人消费力首次超过宠物狗 | 美元汇率 | 新浪财经 | 美金 | 日元汇率 | 360关键词 | 美元兑人民币汇率 | 买黄金的年轻人们 支棱不起来了? | 央行决定全面降准0.25个百分点 | 中信信托57亿疑似无法兑付 | 上海新增死亡4例 本土69+869,新浪财经提供7X24小时财经资讯及全球金融市场报价，覆盖股票、债券、基金、期货、信托、理财、管理等多种面向个人和企业的服务。
quote.eastmoney.com,生活服务,东方财富行情中心,百度关键词 | 大盘 | 000001 | 股市行情 | a股行情 | a股大盘 | 360关键词 | 四维图新 | 圣龙股份 | 黄金价格 | 恒生科技指数 | 三安光电,提供东方财富(300059)股票的行情走势、五档盘口、逐笔交易等实时行情数据，及东方财富(300059)的新闻资讯、公司公告、研究报告、行业研报、F10资料、行业要闻、资金流分析、阶段涨幅、所属板块、财务指标、机构观点、行业排名、估值水平、股吧互动等与东方财富(300059)有关的信息和服务。
icauto.com.cn,生活服务,车主指南,百度关键词 | 特斯拉汽车2023款最新款价格 | 货拉拉收费标准 | 高铁查询 | 北京车牌 | 上海地铁运营时间 | 360关键词 | bba | 车标志识别图片大全图片 | dmi | 大7座SUV | 端午节高速,"车主指南网（icauto.com.cn）是一家专注于汽车后市场的专业网站。我们提供专业的路况查询、违章查询、车险查询、用车养车等服务，尤其是路况查询，在短短一年内成为了行业领先位置。

同时，车主指南的自媒体在一年间也得到了快速发展，我们的目标是将“车主指南”公众号打造成行业第一的自媒体平台。"
cngold.org,生活服务,金投网,百度关键词 | 金价 | 今日金价 | 港币 | 国际金价 | 黄金价格走势图 | 360关键词 | 金价 | 存款利率 | 原油价格 | 银价 | 银行利率,"中国黄金网提供国际国内黄金价格,纸黄金价格,今日金价,铂金(白金)价格,黄金T D开户,白银价格,纸黄金价格走势图,伦敦金,黄金投资资讯,金价实时行情,金价走势图,是专业的黄金投资媒体。主做黄金T D开户业务,专业的黄金T D投资资讯网站,并提供上海黄金交易所及黄金期货的黄金价格走势及黄金价格走势图。"
kuaidi100.com,生活服务,快递100,百度关键词 | 00后被领导辱骂后起诉获赔100元 | 快递100 | 快递 | 查询快递 | 快递100查询 | 360关键词 | 快递单号查询 | 快递查询 | 圆通快递查询单号 | 快递100 | 快递,快递100(kuaidi100.com)是金蝶友商网旗下的网站，提供一站式的快递查询服务，涵盖近百家常用快递公司，支持手机查快递。并为B2C等网络应用提供免费的快递查询接口（API），帮助企业、网商提升物流环节的客户满意度。
www.yjbys.com,生活服务,应届毕业生求职网,百度关键词 | 劳动合同 | 经典 | 年度个人工作总结 | 英语演讲 | 实习协议 | 360关键词 | 公司章程 | 大学生职业生涯规划书 | 离职申请怎么写 | 自我评价怎么写 | 学习心得,应届毕业生网(www.yjbys.com) 是服务于应届毕业生群体的综合性网站，主要为应届毕业生求职和各企事业用人单位提供方便、快捷的网络校园招聘服务，除了提供招聘相关的服务之外，还为应届毕业生群体提供了简历制作方面的资料、求职指导方面的文档、考研、出国留学、毕业论文、实习报告等优质内容服务。
ip138.com,生活服务,IP地址查询,百度关键词 | ip查询 | ip138 | url解码 | 简体字转繁体字 | 房贷计算器2023贷款计算器 | 360关键词 | ip138 | 域名解析 | 0713 | 0511 | zzpuce.jyfen.com,IP地址查询--手机号码查询归属地 | 邮政编码查询 | 长途电话区号 | 身份证号码验证在线查询网
tianqi.com,生活服务,天气网,百度关键词 | 北京时间 | 时间 | 德国时间 | 北京时间校准 | 美国时间 | 360关键词 | 北京时间 | 时间 | 北京时间校准 | 德国时间 | 美国时间,★天气网（www.tianqi.com）★提供全国及世界各大城市天气预报查询以及历史天气查询，实时更新天气，准确提供天气预报一周查询及未来天气预报10天、15天、一个月查询服务。欢迎定制城市天气预报服务。
weather.com.cn,生活服务,中国天气网,百度关键词 | 中国天气网 | 卫星云图 | 杭州气温 | 成都气温 | 武汉气温 | 360关键词 | 中国天气网 | 天气网 | 暴雨 | 问天网 | 中国天气,"中国天气网为您提供实时全国天气气象信息,及时发布天气预报、灾害预警、气象云图、旅游天气、台风、暴雨雪等气象信息，为我国的生产生活提供全面精确的气象服务。"
pcauto.com.cn,生活服务,太平洋汽车网,百度关键词 | 太平洋汽车网 | 太平洋汽车 | 福特野马 | 换轮胎需要去4s店么 | 绿源电动车质量怎么样 | 360关键词 | 长城炮 | 奔腾b70 | 星越l | 吉利星越l | 宝马5系 汽车,"太平洋汽车网下设汽车报价,汽车评测以及新闻、导购、维修、保养、安全、汽车论坛、自驾游、汽车休闲、汽车文化等方面的内容,是中国汽车排名前列的综合汽车网站,提供全面的车型数据、参数、配置、报价、相关新闻和图片等"
autohome.com.cn,生活服务,汽车之家,百度关键词 | 汽车之家 | 马自达cx-50 | 长安启源a07 | 汽车之家官网 | 领睿 | 360关键词 | 汽车之家 | 哈弗枭龙max | 魏牌高山 | 长安启源a07 | icar03,汽车之家（NYSE：ATHM）成立于2005年，是中国领先的汽车互联网平台，为消费者提供优质的汽车消费和汽车生活服务，助力中国汽车产业蓬勃发展。
58.com,生活服务,58同城 ,百度关键词 | 58同城 | 58 | 租房 | 二手房 | 58同城租房 | 360关键词 | 58同城 | 58 | 租房 | 二手房 | 兼职,58同城是国内领先的生活分类信息网站，海量生活信息免费发布查询。提供找房子、找工作、二手物品买卖、二手车、58团购、商家黄页、宠物票务、旅游交友等多种生活信息。每天千万人使用！58同城，您身边的生活帮手！
zhuanlan.zhihu.com,生活服务,知乎专栏,百度关键词 | ai写作 | midjourney | 黄多多17岁穿搭 | 网页休闲游戏 | 吉巴罗 | 360关键词 | stable diffusion | b站视频下载 | 无版权的影视素材网站 | 客户管理系统scrm | 马克思主义基本原理概论知识点,知乎专栏
weidian.com,购物网站,微店,百度关键词 | 微店 | 微店网页版 | 微店官网 | weidian | sevenfriday | 360关键词 | 微店 | 微店网页版 | 微店官网 | 微店登录 | 微店店长版,北京口袋购物有限公司旗下移动产品。
eastmoney.com,生活服务,东方财富网,百度关键词 | 东方财富网 | 东方财富 | 大盘 | 000001 | 股吧 | 360关键词 | 东方财富网 | 东方财富 | 四维图新 | 圣龙股份 | 无名最终票房,东方财富网，专业的互联网财经媒体，提供7*24小时财经资讯及全球金融市场报价，汇聚全方位的综合财经新闻和金融市场资讯，覆盖股票、财经、证券、金融、美股、港股、行情、基金、债券、期货、外汇、保险、信托、黄金、理财、商业、银行、博客、股吧、财迷、论坛等财经综合信息
cqmmgo.com,购物网站,重庆购物狂,百度关键词 | 重庆购物狂 | 重庆购物狂论坛 | 购物狂论坛 | 街拍论坛 | 购物狂网 | 360关键词 | 重庆购物狂 | 购物狂 | 重庆购物狂论坛 | 娱乐八卦 | 购物狂论坛,重庆购物狂 重庆购物狂网 重庆论坛（cqmmgo.com，备用域名www.lianglukou.com、www.baibaiyu.com），起源于重庆第一家本土购物、打折交流论坛——重庆购物狂论坛，属于重庆本土化的都市生活消费信息类网站，包含购物、婚庆、美食、休闲、文化、运动、女性消费等一切跟生活消费有关的内容。目前重庆购物狂已经成为
microsoftstore.com.cn,购物网站,微软中国官方商城,百度关键词 | office2021 | 微软商店 | win1 | 微软商城 | microsoft store | 360关键词 | 微软商店 | 微软商城 | 微软官方商城 | windows store | surface laptop,微软官网 - 微软中国官方商城为您提供包括Surface平板电脑，Windows系统，Office等微软产品及各种配件。微软官网正品保障，即刻登录微软官网，了解更多优惠及尊享服务。
kaola.com,购物网站,考拉海购,百度关键词 | 考拉 | 考拉海购 | 大鹅羽绒服官网旗舰店 | 网易考拉 | 考拉软件 | 360关键词 | 蜗牛家 | 考拉 | 考拉海购 | 网易考拉 | CK皮带,“考拉海购”是网易旗下自营海外正品特卖网站——主打母婴用品、美妆个护、食品保健、家居数码和服饰鞋包等类目。
aliexpress.com,购物网站,AliExpress,百度关键词 | 速卖通 | aliexpress | 速卖通官网 | 全球速卖通 | 速卖通官网入口 | 360关键词 | 速卖通 | aliexpress | 速卖通官网 | 全球速卖通 | 18younggay video,"Online Shopping for Cheap Automotive, Phones Accessories, Computers Electronics, Fashion, Beauty Health, Home Garden, Toys Sports, Weddings Events from China; Shopping on Aliexpress |the world"
wbiao.cn,购物网站,万表网,百度关键词 | 万表网 | 卡地亚手表价格 | 万表网官网 | 腕表网 | 名表网 | 360关键词 | 万表网 | k金 | 黑水鬼 | 万表 | 帝舵手表二手价格,万表网（www.wbiao.cn）销售原装正品世界名表：浪琴手表、天梭手表、梅花手表、依波路手表、欧米茄手表、劳力士手表，买手表可信用卡分期付款！
www.tmall.com,购物网站,天猫,百度关键词 | 天猫 | 天猫官方旗舰店 | 天猫官网 | tmall | 天猫商城 | 360关键词 | 天猫 | 天猫官方旗舰店 | 天猫官网 | tmall | 天猫商城,"天猫，中国线上购物的地标网站，亚洲超大的综合性购物平台，拥有10万多品牌商家。每日发布大量国内外商品！正品网购，上天猫！天猫千万大牌正品,品类全，一站购，支付安全，退换无忧！理想生活上天猫!"
,购物网站,亚马逊官方网站,百度关键词 | amazon | 亚马逊美国 | 美亚 | www.amazon.com | 亚马逊美国站 | 360关键词 | amazon | 亚马逊美国 | 美国亚马逊 | 美亚 | 亚马逊美国站,美国亚马逊官方网站（www.amazon.com）。
vip.com,购物网站,唯品会,百度关键词 | 唯品会 | 唯品会官网 | 唯品 | weipinhui | 唯品网官方网站 | 360关键词 | 唯品会 | 唯品会官网 | 唯品 | weipinhui | 唯品网官方网站,唯品会vip购物网以1-7折超低折扣对全球各大品牌进行限时特卖，商品囊括服装、化妆品、家居、奢侈品等上千品牌。100%正品、低价、货到付款、7天无理由退货。
meituan.com,购物网站,美团,百度关键词 | 美团 | 美团开店宝 | 美团外卖商家版 | 美团外卖 | 开店宝 | 360关键词 | 美团 | 美团外卖商家版 | 美团外卖 | 美团商家 | 美团招聘,"美团网:美食攻略,外卖网上订餐,酒店预订,旅游团购,飞机票火车票,电影票,ktv团购吃喝玩乐全都有!店铺信息查询,商家评分/评价一站式生活服务网站"
vmall.com,购物网站,华为商城,百度关键词 | 华为商城 | 华为商城官网 | vmall | freebuds3 | 华为手机官方商城 | 360关键词 | 华为商城 | 华为商城官网 | vmall | matex5 | 华为手机官方商城,华为商城是华为旗下面向全国服务的电子商务平台。我们提供正品华为品牌手机、平板电脑、移动终端、家庭终端、配件等全新商品。品质保证！
cnhnb.com,购物网站,惠农网,百度关键词 | 惠农网 | 农产品交易网 | 桂鱼多少钱一斤 | 大黄鱼养殖 | 我国盐碱地分布 | 360关键词 | 惠农网 | 北瓜 | 一年四季不愁销路的生意 | 10万农村独立小院出售 | 青储小麦,"惠农网作为专业的线上农产品批发交易市场,用户不仅可以在平台上免费发布农产品供求信息,了解中国农产品价格行情,进行农产品批发和农产品交易,农产品加盟,还可免费享受袁隆平等专家的专业咨询服务"
jiaoyimao.com,购物网站,交易猫,百度关键词 | 交易猫 | 交易猫手游交易平台 | 交易猫官网 | 和平精英小号购买平台 | 交易猫交易平台官网 | 360关键词 | 交易猫 | 交易猫手游交易平台 | 交易猫官网 | 交易 | 账号交易,交易猫是国内专业的手机游戏交易平台，安全可靠的手游交易网站，提供手游账号交易、买号卖号、苹果代充值、游戏充值、首充号、装备道具、游戏币交易的手机网游交易平台！
dangdang.com,购物网站,当当网,百度关键词 | 当当网 | 当当 | 当当网官网书店 | 重启人生 | 书 | 360关键词 | 当当网 | 当当 | 当当网官网书店 | 当当云阅读 | 图书,全球领先的综合性网上购物中心。超过100万种商品在线热销！图书、音像、母婴、美妆、家居、数码3C、服装、鞋包等几十大类，正品行货，低至2折，700多城市货到付款，（全场购物满29元免运费。当当网一贯秉承提升顾客体验的承诺，自助退换货便捷又放心）。
mplife.com,购物网站,名品导购网,百度关键词 | bt兔子磁力在线搜索 | 右键召唤 | 整蛊火柴人 | 羞羞视频app | qooapp苹果版下载 | 360关键词 | 名品 | 导购网 | 名品导购网 | 名品网 | 推荐吧,"名品导购网是中国领先的城市消费生活导购门户,上海地区知名、权威的女性消费领域线上线下相结合的平台。我们拥有上海深入全面的品牌、商场折扣促销信息、划算的特卖信息，境外消费旅游指导、国内外时尚明星动态以及消费社区论坛。海量的购物资讯、完善的会员服务、丰富的互动活动，造就名品导购网极强的消费驱动力"
ziyimall.com,购物网站,紫一健康保健品商城,百度关键词 | 怎样才能交而不泄 | 桑叶茶又叫短命茶 | 男性自慰 | 杰士邦和杜蕾斯哪个好 | 三十种b哪个好 | 360关键词 | 69 | 家里一个人查出幽门螺旋杆菌 | 契默契 | 印度神油 | 私下黑怎么能迅速变粉,紫一营养保健品商城专业提供：男性、女性、儿童、中老年的营养保健品商城，做消费者值得信赖的保健品网上商城。我们承诺:正品保障、假一罚十、30天无条件退换货!
duitang.com,休闲娱乐,堆糖网,百度关键词 | 堆糖 | 堆糖网 | duitang | 朴信惠图片 | 堆图 | 360关键词 | 堆糖 | 堆糖网 | 时代少年团壁纸 | duitang | 头像女下半部位图片,来堆糖收集发现美好的物品，展示所爱，分享生活。
suning.com,购物网站,苏宁易购,百度关键词 | 苏宁易购 | 苏宁 | 苏宁易购官网 | 联想威6 2020 | 苏宁易购官网商城 | 360关键词 | 苏宁易购 | 苏宁 | 苏宁易购官网 | 苏宁易购官网商城 | 四轮观光车电动车价格,"苏宁易购，是苏宁电器集团的新一代B2C网上商城，于2009年8月18日上线试运营。2010年1月25日，苏宁电器在南京总部宣布，公司的B2C网购平台“苏宁易购”将于2月1日正式上线，并将自主采购、独立运营，苏宁电器也由此正式出手电子商务B-t-C领域。2011年5月25日正式启用.com域名，原.cn域名跳转至.com域名。
"
made-in-china.com,购物网站,中国制造网,百度关键词 | 中国制造网 | made in china | madeinchina | 厂家 | www.made-in-china.com | 360关键词 | 中国制造网 | made in china | pussy | 中国制造 | madeinchina,"source quality products made in china. find reliable china suppliers,manufacturers,factories,wholesalers & exporters on the leading b2b e-commerce website made-in-china.com."
amazon.cn,购物网站,亚马逊中国官网,百度关键词 | 亚马逊官网 | 亚马逊全球开店 | 亚马逊中国 | cn | 亚马孙 | 360关键词 | 亚马逊 | 亚马逊官网 | kindle | 亚马逊全球开店 | 亚马逊中国,亚马逊中国，原名卓越亚马逊，是一家B2C电子商务网站，前身为卓越网，2004年8月19日亚马逊公司宣布以7500万美元收购雷军和陈年创办的卓越网，将卓越网收归为亚马逊中国全资子公司。2007年将其中国子公司改名为卓越亚马逊。2011年10月27日亚马逊正式宣布将他在中国的子公司“卓越亚马逊”改名为“亚马逊中国”。
kongfz.com,购物网站,孔夫子旧书网,百度关键词 | 孔夫子旧书网 | 惠尚学 | 孔夫子旧书网官网 | 孔夫子网 | 旧书网 | 360关键词 | 孔夫子旧书网 | 孔夫子 | 惠尚学 | 孔夫子旧书网官网 | 孔夫子网,孔夫子旧书网是国内领先的古旧书交易平台，汇集全国各地13000家网上书店，50000家书摊，展示多达9000万种书籍；大量极具收藏价值的古旧珍本（明清、民国古籍善本，珍品期刊，名人墨迹，民国珍本，绝版书等）在孔网展示与交易，吸引了大量的学者、研究人员和藏书人长时间在线关注并参与。找图书网站、在网上买书、
alibaba.com,购物网站,Alibaba国际站,百度关键词 | 阿里巴巴国际站 | alibaba.com | 阿里巴巴招聘 | easyexcel | 阿里巴巴国际贸易网站 | 360关键词 | 阿里巴巴国际站 | 阿里国际站 | alibaba.com | easyexcel | 阿里巴巴国际贸易网站,"Find quality Manufacturers, Suppliers, Exporters, Importers, Buyers, Wholesalers, Products and Trade Leads from our award-winning International Trade Site. Import &amp;amp;amp; Export on alibaba.com"
xiaohongshu.com,购物网站,小红书,百度关键词 | 小红书 | 小红书网页版 | vlookup | 小红书官网 | 小红书app下载安装免费正版 | 360关键词 | 小红书 | 小红书商业化 | 小红书网页版 | 小红书官网 | 小红书网页版入口,小红书是一个主打出境购物攻略的移动应用，为用户推荐不同国家地区退税打折出行信息、各地本土品牌特色商品推荐等，2014年转型重点做跨境电商服务。行吟信息科技(上海)有限公司旗下。
maigoo.com,购物网站,买购网,百度关键词 | 电影下载 | 影院 | 手机棋牌游戏 | B2b商务平台 | 物业管理咨询公司 | 360关键词 | 万源富硒茶 | 槟榔 | 奥斯卡 | 写真摄影哪家好 | 2023网页游戏,"买购网|maigoo.com,是一站式企业-经销商-用户平台。您可以在买购网查询到：十大品牌、品牌招商、品牌排行榜、正规经销商-专卖店、热门网店、TOP热卖产品、名人、各种建材装修知识、图库、各类排行榜。是品牌招商、发布欲加盟求购信息、查询正规店铺、优秀产品的大型门户网站。"
taobao.com,购物网站,淘宝网,百度关键词 | 淘宝 | 淘宝网 | 千牛 | taobao | 咸鱼 | 360关键词 | 淘宝 | 淘宝网 | 千牛 | 闲鱼 | taobao,淘宝网 - 亚洲较大的网上交易平台，提供各类服饰、美容、家居、数码、话费/点卡充值… 数亿优质商品，同时提供担保交易(先收货后付款)等安全交易保障服务，并由商家提供退货承诺、破损补寄等消费者保障服务，让你安心享受网上购物乐趣！
jd.com,购物网站,京东商城,百度关键词 | 京东 | jd | 京东商城 | 京东商城官网 | 机屏幕放大器 | 360关键词 | 京东 | jd | 京东商城 | 京东商城官网 | 京麦,"京东商城-专业的数码网上购物商城,产品包括数码、家电、手机、电脑配件、网络产品等数万种商品直销,便捷，诚信的服务,为您提供愉悦的网上商城购物体验!"
china.cn,购物网站,中国供应商,百度关键词 | 中国供应商 | 触拓 | 中国供应商网 | 供应商网 | 佑游泳衣 | 360关键词 | 中国供应商 | 中国供应商网 | 艺术 | 艺术家 | 麦克维尔空调售后维修,中国供应商(www.china.cn)是基于我国经济建设趋势和企业发展需求，由中国互联网新闻中心推出的权威、诚信的网络贸易平台。
jiangxi.gov.cn,政府组织,中国江西省人民政府,百度关键词 | 江西省教育厅 | 江西省科技厅 | 江西省人民政府 | 江西省人力资源和社会保障厅 | 江西省企业登记网络服务平台 | 360关键词 | 江西省公共资源交易网 | 江西公共资源交易网 | 江西省教育厅 | 江西省科技厅 | 江西省企业登记网络服务平台,"中国江西省人民政府网,“”栏目发布的新官方“”的信息，详情访问中国江西省人民政府官方网站！"
zjzwfw.gov.cn,政府组织,浙江政务服务网,百度关键词 | 浙江政务服务网 | 浙里办 | 浙江政务网 | 浙江省政务服务网 | 浙江政务 | 360关键词 | 浙江政务服务网 | 浙里办 | 浙江政务网 | 浙江省政务服务网 | 浙江政务,浙江政务服务网是集行政审批、便民服务、政务公开、互动交流、效能监察等功能于一体，省市县统一架构、多级联动的网上政务服务平台，被形象地喻为“政务淘宝”、“云计算政务超市”。
1688.com,购物网站,阿里巴巴1688,百度关键词 | 1688 | 1688阿里巴巴批发网 | 阿里巴巴批发网1688 | 阿里巴巴采购批发平台1688 | 1688官网 | 360关键词 | 1688 | 阿里巴巴 | 1688阿里巴巴批发网 | 阿里巴巴批发网1688 | 机屏幕放大器,阿里巴巴（1688.com）是全球企业间（B2B）电子商务的著名品牌，为数千万网商提供海量商机信息和便捷安全的在线交易市场，也是商人们以商会友、真实互动的社区平台。目前1688.com已覆盖原材料、工业品、服装服饰、家居百货、小商品等12个行业大类，提供从原料--生产--加工--现货等一系列的供应产品和服务。
mca.gov.cn,政府组织,中华人民共和国民政部,百度关键词 | 志愿北京 | 中国志愿服务网 | 民政局 | 民政部 | 民政一体化政务服务平台 | 360关键词 | 中国志愿服务网 | 志愿服务 | 全国志愿服务信息系统 | 民政部 | 民政一体化政务服务平台,中华人民共和国民政部官方网站
hubei.gov.cn,政府组织,湖北省人民政府门户网站,百度关键词 | 湖北政务服务网 | 湖北省人民政府 | 鄂汇办 | 湖北省政府 | 湖北政务网 | 360关键词 | 湖北政务服务网 | 湖北省人民政府 | 鄂汇办 | 湖北省政府 | 湖北政务网,"hubei,湖北,湖北省,美丽湖北,投资湖北,湖北概况,湖北省人民,湖北省政府,湖北省人民政府门户网站,人民政府,政府,政务公开,政府领导,网上办事,互动交流,门户网站,www.hubei.gov.cn"
shanghai.gov.cn,政府组织,中国上海,百度关键词 | 上海市政府 | 上海市人民政府 | 上海市长 | 上海政府 | 上海人民政府 | 360关键词 | 上海市 | 上海市政府 | 上海市人民政府 | 中国上海 | 上海政府,“中国上海”是在上海市委、市政府领导亲自关心、指导下建立和发展起来的政府门户网站，始终坚持以努力建设“服务政府、责任政府、法治政府”为目标，以“为民、便民、利民”为宗旨，以发布政府信息、拓展网上办事、提供便民服务和开展互动交流为主要内容。
moj.gov.cn,政府组织,中华人民共和国司法部,百度关键词 | 法考 | 司法考试 | 司法部官网 | 司法局 | 司法部国家司法考试中心 | 360关键词 | 司法部 | 法考 | 司法考试 | 司法部官网 | 司法部国家司法考试中心,中华人民共和国司法部官方网站。
cas.cn,政府组织,中国科学院,百度关键词 | 中国科学院 | 物理所 | 上海光机所 | 中国科学报 | 中国科学院院刊 | 360关键词 | 中国科学院 | 中科院 | 物理所 | 上海光机所 | 中国科学院院刊,中国科学院官方网站
zjzs.net,政府组织,浙江教育考试院,百度关键词 | 浙江教育考试院 | 浙江省教育考试院 | 浙江省教育考试院网 | 浙江考试院 | 浙江考试院教育官网 | 360关键词 | 浙江教育考试院 | 浙江省教育考试院 | 浙江考试院 | www.zjzs.net | 浙江考试院教育官网,浙江教育考试院（www.zjzs.net）。
yn.gov.cn,政府组织,云南省人民政府门户网站,百度关键词 | 云南省 | 云南省科技厅 | 云南省教育厅 | 云南省财政厅 | 云南省公共资源交易中心 | 360关键词 | 云南省科技厅 | 云南省教育厅 | 云南省财政厅 | 云南省人民政府 | 云南省公共资源交易中心,云南省人民政府门户网站是云南省人民政府发布政务信息、提供在线服务、与公众互动交流、履行职能、为民服务的重要窗口。
cma.gov.cn,政府组织,中国气象网,百度关键词 | 中国气象局 | 中国气象网 | 气象局 | 中国气象 | 国家气象局 | 360关键词 | 中国气象局 | 中国气象网 | 气象局 | 中国气象 | 上海气象局,中国气象局政府门户网站。
www.pbc.gov.cn,政府组织,中国人民银行,百度关键词 | 中国人民银行 | 人民银行 | 央行 | 中国人民银行官网 | lpr利率 | 360关键词 | 中国人民银行 | 人民银行 | 央行 | 中国人民银行官网 | 人民银行官网,中国人民银行官网
jszg.edu.cn,政府组织,中国教师资格网,百度关键词 | 中国教师资格网 | 教师资格认定 | 教师资格证认定 | 中国教师资格网官网登录入口 | 教师资格认定官网 | 360关键词 | 中国教师资格网 | 教师资格网 | www.jszg.edu.cn | 中国教师资格网官网登录入口 | 教师资格认定官网,中国教师资格网是由教育部师范教育司领导、教育部教师资格认定指导中心具体承办的实施教师资格制度的官方工作网站
122.gov.cn,政府组织,公安部交通安全综合服务管理平台,百度关键词 | 12123 | 交管12123 | 12123交管官网 | 122 | 交管123123 | 360关键词 | 12123 | 交管12123 | 12123交管官网 | 122 | 交管123123,公安部交通安全综合服务管理平台官方网站
hainan.gov.cn,政府组织,海南省人民政府网,百度关键词 | 海南省考试局 | 海南省政府 | 海南省人民政府 | 海南e登记 | 海南考试局官网 | 360关键词 | 海南省考试局 | 海南省政府 | 海南省人民政府 | 海南e登记 | 海南考试局官网,海南省人民政府门户网站是海南省人民政府在互联网上发布政务信息、提供公共服务的重要平台，也是海南省人民政府各部门和各市、县政府与公众联络、交流，接受公众监督的重要窗口。省委书记罗保铭，省人大主任罗保铭，省长刘赐贵，政协主席于迅。
npc.gov.cn,政府组织,中国人大网,百度关键词 | 劳动合同法 | 公司法 | 安全生产法 | 刑法 | 国家法律法规数据库 | 360关键词 | 国家法律法规数据库 | 法律法规数据库 | 全国人民代表大会 | 法律法规 | 全国人民代表大会常务委员会,全国人大常委会官方网站，是全国人大及其常委会的重要舆论媒介，信息公开、服务代表、联系人民的重要平台。
tj.gov.cn,政府组织,天津政务网,百度关键词 | 天津摇号 | 天津小客车调控管理信息系统 | 天津会计 | 天津市人力资源和社会保障局 | 天津网上办事大厅 | 360关键词 | 天津摇号 | 小汽车摇号摇号官网 | 天津小客车调控管理信息系统 | 天津市政府采购网 | 天津网上办事大厅,天津政务网即天津市政府门户网站，是天津市人民政府各部门在互联网上发布政务信息，宣传天津，介绍天津的风土人情概况，向市民提供相关服务信息的总平台，是与公众联络和交流的总窗口。
nanjing.gov.cn,政府组织,中国南京,百度关键词 | 南京人事 | 南京市公共资源交易中心 | 南京市人力资源和社会保障局 | 南京人力资源和社会保障局 | 南京公共资源交易中心 | 360关键词 | 南京市公共资源交易中心 | 江北新区 | 南京市人力资源和社会保障局 | 南京公共资源交易中心 | 南京人力资源和社会保障局,南京市人民政府网
mofcom.gov.cn,政府组织,中国商务部网站,百度关键词 | 商务部 | 摩洛哥 | 商务部官网 | 中华老字号 | 商务局 | 360关键词 | 商务部 | 商务部官网 | 中华人民共和国商务部 | 中国商务部 | 外商投资法,中华人民共和国商务部网站
henan.gov.cn,政府组织,河南省人民政府门户网站,百度关键词 | 河南省人力资源和社会保障厅 | 河南省教育厅 | 全程电子化服务平台 | 河南省科技厅 | 河南省人力资源和社会保障厅官网 | 360关键词 | 河南省人力资源和社会保障厅 | 河南省教育厅 | 全程电子化服务平台 | 河南省科技厅 | 河南省人力资源和社会保障厅官网,河南省人民政府主办网站
gz.gov.cn,政府组织,中国广州政府门户网站,百度关键词 | 120救人返程遇车祸再救5人 | 广州摇号 | 广州市人力资源和社会保障局 | 广州中小客车指标管理系统 | 广州市市场监督管理局 | 360关键词 | 广州摇号 | 广州市人力资源和社会保障局 | 广州中小客车指标管理系统 | 阳光家缘 | 广州市市场监督管理局,"中国广州政府门户网站是由广州市人民政府主办,广州市人民政府办公厅,广州市科技和信息化局共同承办,由广州市机关信息网络中心(广州市政府门户网站编辑部)负责运维管理,利用政府的设备,网络和信息等资源整合建设而成.设置了"
cq.gov.cn,政府组织,重庆市政府网,百度关键词 | 重庆人力资源和社会保障局官网 | 重庆市人力资源和社会保障局官网 | 重庆人社 | 重庆市政府 | 渝快办 | 360关键词 | 重庆人力资源和社会保障局官网 | 重庆市人力资源和社会保障局官网 | 重庆人社 | 重庆市政府 | 渝快办,重庆市政府网是重庆市政府的官方网站，是重庆市政府服务社会公众的重要窗口、政府信息公开的第一平台、政民互动交流的重要渠道。
zj.gov.cn,政府组织,浙江省人民政府,百度关键词 | 浙政钉 | 浙江政府采购网 | 浙江会计之家 | 浙江省政府采购网 | 浙江疫情最新消息 | 360关键词 | 浙政钉 | 浙江政府采购网 | 浙江会计之家 | 会计继续教育 | 浙江省政府采购网,浙江省人民政府门户网站是省政府开展对外宣传、政务公开、为民服务和网上办事的总窗口。网站提供面向公众、法人、政府工作人员的公众服务内容，具备政府信息的导航和检索、网上办事的受理和反馈等功能，是“一站式”的政府门户网站。
mohrss.gov.cn,政府组织,中华人民共和国人力资源和社会保障部,百度关键词 | 全国事业单位招聘网 | 人社部 | 人力资源和社会保障局官网 | 人社局 | 人力资源和社会保障部 | 360关键词 | 人社部 | 人力资源和社会保障部 | 人力资源 | 人社部官网 | 人力资源社会保障部,中华人民共和国人力资源和社会保障部官方网站
stats.gov.cn,政府组织,中华人民共和国国家统计局,百度关键词 | 国家统计局 | 统计局 | 国家统计局官网 | 国家数据 | 中国统计局 | 360关键词 | 国家统计局 | 统计局 | 国家统计局官网 | 中国统计年鉴 | 国家数据,中华人民共和国国家统计局官方网站
gd.gov.cn,政府组织,广东省人民政府门户网站,百度关键词 | 广东省会计信息服务平台 | 广东省政府采购网 | 广东省教育厅 | 广东省科技厅 | 广东省教育考试院 | 360关键词 | 广东省会计信息服务平台 | 广东省政府采购网 | 广东省教育厅 | 广东省教育考试院 | 档案信息查询,广东省人民政府办公厅主办
it.sohu.com,网络科技,搜狐科技,百度关键词 | 科学上网 | zlibrary | 档案系统查询 | 图片版权网站 | express vpn | 360关键词 | apkpure | zlibrary | z library | typora破解 | 糖心vlog,搜狐科技是聚合互联网、智能硬件、创业投资、通讯数码等科技资讯的媒体平台，致力提供专业、酷炫的科技圈新资讯。
moe.gov.cn,政府组织,中华人民共和国教育部,百度关键词 | 教育部 | 教育部全国青少年普法网 | 教育部官网 | 青少年普法网 | 全国青少年普法网 | 360关键词 | 教育部 | 普通话成绩查询 | 教育部全国青少年普法网 | 教育部官网 | 青少年普法网,教育部政府门户网站由教育部办公厅主办，是教育部机关实施信息公开、新闻宣传、在线互动的线上窗口，提供标准版、手机版、客户端等访问形式。
chinatax.gov.cn,政府组织,国家税务总局,百度关键词 | 国家税务总局 | 国家税务总局官网 | 电子税务局 | 国家税务总局全国增值税发票查验平台 | 自然人电子税务局 | 360关键词 | 国家税务总局 | 国家税务总局官网 | 电子税务局 | 发票查验 | 国家税务总局全国增值税发票查验平台,国家税务总局互联网站建于1999年7月。在总局领导的大力支持关心下，近几年网站围绕税收中心工作，不断完善管理机制，丰富网站内容，增强网站功能，改进服务方式，网站水平有了显著的提高，在国信办近几年组织的政府门户网站评比中都取得了较好的名次。
jl.gov.cn,政府组织,吉林省人民政府门户网站,百度关键词 | 吉林智慧人社网上办事大厅 | 吉林省财政厅 | 吉林省科技厅 | 吉林省政府 | 吉林省疫情最新消息 | 360关键词 | 吉林智慧人社网上办事大厅 | 吉林省财政厅 | 吉林省科技厅 | 吉林省政府 | 吉林省教育厅,吉林省人民政府门户网站由吉林省人民政府主办，省政府办公厅承办，省政府各工作部门协办。吉林省政府网站管理办公室具体负责规划建设和日常运维管理。?
csai.cn,网络科技,希财网,百度关键词 | 个人征信查询 | 房贷利率2023最新利率 | 征信查询 | gbp是什么货币 | 微粒贷开通 | 360关键词 | 信用卡逾期 | 期货开户 | 华夏银行信用卡客服电话95577 | bbd | 通达信选股器,"希财网是专业的投融资及理财产品导购平台,网站汇聚了国内权威的p2p网贷产品、个人贷款、信用卡及众筹等投资理财产品,是为投资者提供搜索、对比及导购的理财产品超市。"
itmop.com,网络科技,IT猫扑网,百度关键词 | it猫扑网 | 斗鱼直播伴侣 | bud | 智远一户通 | 爱剪辑破解版 | 360关键词 | it猫扑网 | 开罗游戏 | 智慧中小学app下载 | fd | 哥布林弹球,"IT猫扑网（www.itmop.com）提供破解软件,操作系统,绿色软件,手机软件,认证视频教程题库和网络相关技术文章等主流互联网资源下载,思科华为网络安全认证交流社区."
www.beijing.gov.cn,政府组织,北京市政务门户网站,百度关键词 | 首都之窗 | 北京市政府 | 重阳节 | 北京市人民政府 | 北京居住证 | 360关键词 | 首都之窗 | 北京市政府 | 北京市人民政府 | 北京市 | 北京居住证,首都之窗-北京市政务门户网站
xiazaiba.com,网络科技,下载吧,百度关键词 | 链得得 | 永中优云 | 下载吧 | 开心斗地主 | 竞彩篮球app | 360关键词 | knock | 下载吧 | 联想模拟器 | 电视家4.0永久免费版 | 华为云会议,"绿色下载吧（www.xiazaiba.com）是免费软件下载网站,以绿色软件,浏览器,单机游戏,手机软件,杀毒软件,单机游戏下载为主,两亿用户的选择,没有诱导广告的单机游戏软件下载网站!"
scs.gov.cn,政府组织,国家公务员局,百度关键词 | 国家公务员局 | 国家公务员局官网入口 | 国考 | 国家公务员 | 公务员考试 | 360关键词 | 国家公务员局 | 国家公务员局官网入口 | 国考 | 公务员 | 国家公务员,国家公务员局网站是宣传国家公务员管理工作的窗口、服务公众和广大公务员的桥梁，以及与社会各界沟通交流的平台。
,网络科技,华为手机官网,百度关键词 | 华为手机助手 | 华为手机 | 华为电脑管家 | 华为应用市场 | 阿尔法s华为版 | 360关键词 | 华为手机助手 | 华为手机 | 华为电脑管家 | 华为x5 | 华为笔记本,华为手机官网。
51sole.com,购物网站,搜了网,百度关键词 | 搜了网 | 3c认证机构 | 51搜了网 | 铜牌尺寸 | 华荣防爆 | 360关键词 | 搜了网 | reach认证 | 包钢集团 | 极速数据恢复 | 大娱号虚拟演播室,"搜了网（www.51sole.com）专注于为企业提供全面的市场行情， 热点采购，加工批发市场，供求商机，提单交易，黄金商铺，广告服务，发布引擎，网上推广等服务，是企业寻求网络贸易和网上推广的首选行业门户,聪明的老板上搜了网！"
duote.com,网络科技,2345软件大全,百度关键词 | 多特软件站 | 种子下载神器 | 潘粤明鬼吹灯五部顺序 | 多特网 | 超星尔雅登录入口 | 360关键词 | 97视频 | 籍贯怎么填写 | uuhf | 换IP软件免费 | 拔萝卜视频播放在线观看免费,"2345软件大全是国内更快的软件下载平台,国内更安全的软件下载中心。安全下载,从2345软件大全开始,2345软件大全只提供绿色、无毒、无插件、无木马的纯绿色软件下载站。"
downcc.com,网络科技,绿色资源网,百度关键词 | 像素火影 | 绿色资源网 | 下载游戏中心 | 盛大正版传奇手游 | 能修改任何游戏的修改器 | 360关键词 | pubg国际服手游下载 | 绿色资源网 | 绿色 | pvz | 方正小标宋简体字体免费下载,"绿色资源网提供汉化破解软件,硬件驱动下载,安卓手机app,单机游戏,安卓模拟器,修改器,游戏地图等,全心打造好的软件下载站."
uzzf.com,网络科技,东坡下载,百度关键词 | 小苹果影视 | photoshop 绿色版 | livestream | 茶杯狐cupfoxapp.官网 | 东坡下载 | 360关键词 | office2021 | tiktok国际版下载 | office2010激活工具 | office 2021 | office2016下载,"东坡下载（www.uzzf.com）包括应用软件，系统工具，网络软件，媒体工具，图文处理等十几个栏目，其绝快的更新速度以及齐全的资源库更为业界瞩目，引领国内下载站点的潮流,势将为用户打造一个实用免费的软件下载基地。"
51cto.com,网络科技,51CTO,百度关键词 | 51cto | 番号库 | 51cto学院 | getelementbyid | java api | 360关键词 | 51cto | tcp/ip协议 | autogpt | linux虚拟机 | 51cto学院,中国领先的IT技术网站51CTO是一个为CTO、IT技术经理、系统工程师、网络工程师、安全工程师、数据库工程师、网络管理员、开发工程师、项目管理人员等IT技术人员搭建的互动媒体平台，主要为IT技术人员提供新闻资讯、技术文档、BBS、博客、技术圈、培训课程、人才交流等专业服务。
crsky.com,网络科技,非凡软件站,百度关键词 | 上游棋牌 | 星力捕鱼 | 非凡软件站 | 非凡软件 | csol辅助 | 360关键词 | 暴风激活 | 万能图片转换器 | 义战龙城传奇 | 客户管理系统app | 哔哩下载姬,旗舰软件下载站，将免费软件、共享软件一网打尽!
downyi.com,网络科技,当易网 ,百度关键词 | obs下载 | sans模拟器 | 捕鱼下载 | 电视剧下载 | 当易网 | 360关键词 | ps绿色版 | 我爱迅雷 | 进击的巨人 下载 | 当易网 | 今日影视APP,当易网（www.downyi.com）是一个专业的IT服务类网站，为您提供软件、教程、源码、驱动免费下载，并提供IT方面的技术文章，包括故障、技巧、IT概念、游戏攻略、软件使用教程等内容，希望能成为您身边的IT技术专家。
ddooo.com,网络科技,多多软件站,百度关键词 | photoshop破解版 | 植物大战僵尸破解版 | 我的世界java版 | 桌面时钟软件下载 | 五音助手 | 360关键词 | 荐片 | 魔兽争霸3 | sketchup | 地平线5 | 思源黑体,"多多软件站提供好的绿色软件和热门单机游戏下载,本站全力打造一个安全,快速,绿色,无病毒的软件和游戏下载平台,每天新国内外新的绿色软件、单机游戏。"
jb51.net,网络科技,脚本之家,百度关键词 | 杨幂格斗家本家 | 脚本之家 | urldecode | gg修改器 | 怎么买狗狗币 | 360关键词 | xshell | navicat premium | system | loluu | 英雄联盟换肤大师,脚本之家（www.jb51.net）是国内专业的网站建设资源、脚本编程学习类网站，提供asp、php、asp.net、javascript、jquery、vbscript、dos批处理、网页制作、网络编程、网站建设等编程资料。
aizhan.com,网络科技,爱站网,百度关键词 | 爱站 | 爱站网 | 今天吧文学 | 四舍五入 | bnb89 | 360关键词 | 爱站 | 555 | 爱站网 | dnf公益服发布网 | 四虎,爱站（aizhan.com）成立于2009年，是一家专门针对中文站点提供服务的网站，属亿讯网络公司旗下。
onlinedown.net,网络科技,华军软件园,百度关键词 | easyconnect | 华军软件园 | 仿宋gb2312字体下载 | hbuilderx | fatkun | 360关键词 | word | cad | 图吧工具箱 | 快手极速版 | 快手下载,华军软件园提供国内外绿色免费软件下载中心，其中包含电脑软件、苹果应用、安卓应用等免费电脑/手机软件下载。想了解绿色免费软件下载更多内容，尽在华军软件下载！
m.163.com,网络科技,网易应用中心,百度关键词 | 网易 | 日本女优排名 | 女优大全 | 进洞 | 马保国实战视频 | 360关键词 | 南海归墟 | 吴梦梦 | 张贺玉 | melody marks | 中国生育率,"网易应用提供限时免费iPhone4游戏,iPhone4s游戏软件下载、苹果官网下载。包括iPhone手机游戏、iphone免费游戏、iphone工具、iphone铃声、iphone壁纸等应用下载。"
apple.com.cn,网络科技,苹果官网,百度关键词 | 苹果官网 | apple | itunes | mac | icloud | 360关键词 | 苹果官网 | apple | 苹果 | itunes | iphone,Apple 设计并创造了 iPod 和 iTunes、Mac 便携式和台式电脑、OS X 操作系统以及革命性的 iPhone 和 iPad。
downza.cn,网络科技,下载之家软件站,百度关键词 | 方正小标宋简体下载 | 惠普打印机驱动下载 | 下载之家 | ps绿色版 | 飞鸽客服工作台 | 360关键词 | excel表格 | 抖音极速版下载 | todesk远程控制 | visio | 固乔视频助手,"下载之家提供全网新安全的绿色软件、系统软件下载服务.所有软件均由下载之家严格检测,无病毒木马、诱导广告.安全下载全面的绿色软件就到下载之家."
csdn.net,网络科技,CSDN,百度关键词 | csdn | base64 | csdn网站 | element-ui | csdn官网 | 360关键词 | csdn | csdn网站 | k8s | latex | csdn官网,CSDN.NET - 全球大中文IT社区，为IT专业技术人员提供全面的信息传播和服务平台
pconline.com.cn,网络科技,太平洋电脑网,百度关键词 | 下划线 | 太平洋电脑网 | 网卡驱动 | 百度文库怎么免费下载文档 | 方正小标宋gbk | 360关键词 | 太平洋 | ar | 定时关机 | 截图快捷键 | 电脑截屏怎么截图,"太平洋电脑网是专业IT门户网站,为用户和经销商提供IT资讯和行情报价,涉及电脑,手机,数码产品,软件等."
mail.qq.com,网络科技,QQ邮箱,百度关键词 | qq邮箱 | qq邮箱登录 | qq邮箱官网登录入口 | 腾讯邮箱 | qqmail | 360关键词 | qq邮箱 | qq邮箱登录 | 腾讯邮箱 | qqmail | qqyouxiang,QQ邮箱(mail.qq.com)是腾讯公司2002年推出，向用户提供安全、稳定、快速、便捷电子邮件服务的邮箱产品，已为超过1亿的邮箱用户提供免费和增值邮箱服务。
360.cn,网络科技,360安全中心,百度关键词 | 360 | 360浏览器 | 360安全卫士 | 坦克世界 | 360压缩 | 360关键词 | 360 | 360浏览器 | 战舰世界 | 　下载 | 球球大作战 游戏,"360免费安全软件平台和智能硬件家居平台，免费安全软件平台为用户提供360安全卫士,360免费杀毒软件,360企业杀毒软件,360安全浏览器等安全软件,智能硬件家居平台包含360手机,智能摄像机,儿童智能手表,行车记录仪,智能路由器,超级充电器等智能硬件"
cathaypacific.com,交通旅游,国泰航空,百度关键词 | 国泰航空 | 国泰航空官网 | 国泰航空公司 | 航班时刻表 | cathaypacific | 360关键词 | 国泰航空 | 国泰航空官网 | 港龙航空 | 国泰航空公司 | 港龙航空官网,：国泰航空作为香港主要的航空公司，拥有专业的定票服务系统和各种机票特价活动的介绍。我们的网站为你提供各种票务服务，机票预定以及旅游咨询的提供。您可以通过网站查询相关的班机时刻表，行李，网上报到等服务的办理。。
wandoujia.com,网络科技,豌豆荚,百度关键词 | dytt | 下载 | 迅雷电影下载 | 　下载 | 网上打鱼游戏 | 360关键词 | 豌豆荚 | 狂野飙车9 | jj麻将 | 驾考宝典2023年下载 | 安装下载应用,"豌豆荚（www.wandoujia.com）能帮您便捷获取网络资源,管理手机内容,为您提供安卓软件下载,安卓应用下载,安卓游戏下载,您可以通过豌豆荚轻松备份通讯录,备份短信,备份应用.方便下载手机视频,手机铃声,手机壁纸，手机电子书。"
apple.com,行业企业,苹果官方网站,百度关键词 | iphone官网 | apple id | 苹果id | 苹果官网序列号查询 | appleid | 360关键词 | apple id | apple music | 苹果id | apple watch | macos,苹果公司（Apple Inc. ）是美国的一家高科技公司。由史蒂夫.乔布斯、斯蒂夫.沃兹尼亚克和罗.韦恩(Ron Wayne)等三人于1976年4月1日创立，并命名为美国苹果电脑公司（Apple Computer Inc. ）， 2007年1月9日更名为苹果公司，总部位于加利福尼亚州的库比蒂诺。
zol.com.cn,网络科技,中关村在线,百度关键词 | 中关村 | 中关村在线 | zol | 植物大战僵尸下载 | 中关村在线手机 | 360关键词 | 华为mate60pro | 中关村 | 三星s22 | 华为matex2官网价格 | 荣耀70,"中国领先的IT信息与商务门户, 包括新闻, 商城, 硬件, 下载, 游戏, 手机, 评测等40个大型频道，每天发布大量各类产品促销信息及文章专题，是IT行业的厂商, 经销商, IT产品, 解决方案的提供场所"
114piaowu.com,交通旅游,114票务网,百度关键词 | 12306客服电话人工 | 114票务网 | 福州火车站 | 合肥火车站 | 杭州汽车西站 | 360关键词 | 12308 | 香港政府 | 飞机票网上订票官网 | 高铁儿童票 | 票务查询系统,【114票务网】是国内领先12306火车票网上订票平台，提供火车票预订、余票、时刻、票价、车次等查询服务，支持全国火车站代售点12306自取票业务，12306网上订火车票官网是您火车出行的好帮手。
www.ceair.com,交通旅游,中国东方航空,百度关键词 | 东方航空 | 东航 | 东方航空官网 | 东航官网 | 东方航空公司官网 | 360关键词 | 东方航空 | 东航 | 东方航空官网 | 中国东方航空 | 东航官网,中国东方航空公司官方网站，提供国际国内机票、酒店、度假产品的查询和预订功能，东航服务热线95530。本站还提供网上值机、订座时座位预留、特殊餐食预订、航班动态查询和短信提醒等服务。东航是是国际化的航空公司，具有广泛覆盖国内各城市、日本、韩国、港澳台、东南亚、欧洲、美洲、澳洲等区域的航线网络。
,交通旅游,缤客,百度关键词 | booking | booking.com | 缤客 | 厦门悦华酒店 | www.booking.com | 360关键词 | booking | booking预订官网 | booking.com | www.booking.com | bookings,"Booking.com B.V.隶属于Priceline Group集团（纳斯达克上市公司：PCLN），拥有并经营Booking.com品牌，是全世界大的网上住宿预订公司。Booking.com的日均客房预订间夜数超过900,000。Booking.com网站以及APP吸引了来自世界各地的休闲旅游和商务差旅用户。"
kuaituiapp.cn,综合其他,快推云资源,百度关键词 | 速度与激情8网盘 | 催眠调教:hypnoslave | -- | -- | -- | 360关键词 | -- | -- | -- | -- | --,快推云资源是国内首屈一指的网盘资源搜索引擎，目前支持的网盘众多，可以进行百度网盘、阿里云盘、115网盘、蓝奏云盘、360云盘等主流网盘云资源的搜索，本站将会成为您工作和学习不可获取的工具，搜索的网盘资源类型众多，可以进行文档、影音、软件等等多重类型的文件搜索。
hnair.com,交通旅游,海南航空,百度关键词 | 海南航空 | 海航官网 | 海南航空官网 | 金鹏俱乐部 | 金鹏 | 360关键词 | 海南航空 | 海航 | 海航官网 | 海南航空官网 | 金鹏俱乐部,"海南航空官方网站, 国内、国际机票预订,在线办理乘机手续,24小时订票热线：950718"
qyer.com,交通旅游,穷游网,百度关键词 | 穷游网 | 穷游 | 穷游网官方网站 | 穷游锦囊 | 行程助手 | 360关键词 | 穷游网 | 穷游 | 澳洲签证 | 自由行 | 新西兰旅游攻略,【穷游网】鼓励和帮助中国旅行者以自己的视角和方式体验世界，为出国旅行者提供专业、实用、全面的出境游旅行指南和旅游攻略，是中国出境游旅行者们分享旅游目的地信息和游记攻略的平台。
,交通旅游,地球在线,百度关键词 | 地球在线 | 谷歌卫星地图 | 谷歌地球在线 | google地球在线 | google卫星地图 | 360关键词 | 卫星地图 | 谷歌地球 | 地图高清卫星地图 | google earth | 地球在线,地球在线（www.earthol.com）将世界各地的旅游景点、风景名胜、奇趣自然和名山大川等制作成可在线浏览的地图地标，使您可以足不出户就能游遍天南海北，您还可以把自己喜爱的地点地标轻松与他人分享与收藏，而且我们还在不断开发和创新更多实用好玩的功能。
ly.com,交通旅游,同程网,百度关键词 | 同程旅行 | 同程 | 同程网 | 同程旅游 | 企业差旅系统 | 360关键词 | 同程旅行 | 同程 | 同程网 | 同程旅游 | 同城旅游,同程网是中国领先的一站式旅游预订平台，提供20000多家特惠酒店、特价机票、景点门票、旅游度假、演出票务、租车预订服务；预订产品发表评价可获得10~100元现金券；专业服务、品质保障，让您的旅行更安心！
meet99.com,交通旅游,相约久久旅游网,百度关键词 | 卫星地图高清 | 东坝 | 兴业县 | 东岳庙 | 重庆卫星地图 | 360关键词 | 地图中国高清卫星地图 | 海王星 | 新西兰地图 | 印尼地图 | 可可托海攻略,"提供齐全的国内外旅游景点大全,您可以在这里找到关于旅游目的地详细的图文介绍,可信赖的游览路线,景区的卫星地图及出行提示,与大家分享自己的旅行心得感受。"
trains.ctrip.com,交通旅游,携程火车票官网,百度关键词 | 杭州到宁波 | 广州到海口 | 南昌到南京 | k188 | g222 | 360关键词 | 火车票查询 | 高铁票查询 | 列车时刻表 | 火车时刻表 | 高铁查询,【携程旅行网】提供火车票网上订票服务，以及火车时刻表，票价查询，携程火车票官网提供方便的高铁动车网上订票流程及余票查询。让您足不出户即可订购全国高铁动车票及高铁动车时刻表。
,交通旅游,深圳口岸中旅官网_,百度关键词 | 南山的部长们 | 性事 | 非礼勿视2 | 胭楼记 | 独酒男女 | 360关键词 | 黑袍纠察队 | 瑞克和莫蒂 | 最食人间烟火色 | 我是真的讨厌异地恋电影免费观看 | 欢迎光临电视剧在线观看,深圳永安国际旅行社专业为您提供：出境旅游、国内旅游、港澳旅游、签证办理和酒店机票预订等服务。永安国旅，永安旅行社，深圳旅行社排名第一，口碑好的深圳旅行社，深圳旅游公司。24小时咨询热线400-840-5566
airchina.com.cn,交通旅游,中国国际航空公司,百度关键词 | 国航 | 国航官网 | 中国国航 | 中国航空 | 中国国际航空 | 360关键词 | 国航 | 国航官网 | 中国国航 | 中国航空 | 中国国际航空,中国国际航空公司官网
flights.ctrip.com,交通旅游,携程机票,百度关键词 | 携程网上订票飞机票 | 机票查询 | 飞机票 | 机票查询携程网上订票 | 携程机票 | 360关键词 | 机票查询 | 飞机票 | 航班查询 | 携程机票 | 航班,"携程机票官网提供飞机票查询,机票预订和特价机票查询,打折机票查询服务。携程同时动态提供航班查询,时刻表查询,机票查询时刻表票价,实时起降查询,以东方航空,中国南方航空,中国国航,深圳航空,厦门航空,海南航空,四川航空,春秋航空官方网站特价机票查询,是您网上订机票的首选。"
tuniu.com,交通旅游,途牛旅游网,百度关键词 | 途牛 | 途牛旅游网 | 途牛网 | 昆明大理丽江6日游报价 | 在线天堂www在线...中文 | 360关键词 | 途牛 | 途牛旅游网 | 旅行 | 俄罗斯旅游 | 昆明大理丽江六日游,"途牛旅游网提供跟团游、自助游、邮轮旅游、自驾游、定制游以及景点门票预订、机票预订、火车票预订服务,还有牛人专线、首付出发旅游等品质高端、价格实惠的旅游路线.全年有各种尾货特价、限时秒杀等特卖旅游路线让你畅游海内外,要旅游,找途牛."
csair.com,交通旅游,中国南方航空,百度关键词 | 南方航空 | 南航 | 南方航空官网 | 中国南方航空 | 南航官网 | 360关键词 | 南方航空 | 南方航空官网 | 中国南方航空 | 南航官网 | 南航官网机票订票,"中国南方航空官网,提供国内国际机票预订,飞机票查询,航班查询,特价打折机票预订,明珠会员服务等。"
hotels.ctrip.com,交通旅游,携程酒店酒店预订,百度关键词 | 携程网上酒店 | 澳门皇冠 | 杭州酒店 | 贵州旅游自由行住宿 | 巴黎酒店预订 | 360关键词 | 锦江酒店 | 万信至格酒店 | 朗丽兹酒店 | 锦囊泛娱酒店 | 呆脑兽亲子主题酒店,"国内酒店预订,携程酒店为您提供国内数千城市的酒店预订,酒店价格查询,优质的宾馆住宿推荐、以及酒店地址、酒店图片,真实用户点评等酒店信息。携程拥有国内外数千万会员酒店,是中国领先的酒店预订服务中心。"
amap.com,交通旅游,高德地图,百度关键词 | 高德地图 | 高德 | 高德地图api | 高德地图车机版 | 高德开放平台 | 360关键词 | 高德地图 | 高德 | 高德地图api | 高德地图车机版 | 高德开放平台,高德地图官方网站，提供全国地图浏览，地点搜索，公交驾车查询服务。可同时查看商家团购、优惠信息。高德地图，您的出行、生活好帮手。
you.ctrip.com,交通旅游,携程旅游攻略,百度关键词 | 北京景点 | 成都旅游必去十大景点推荐 | 成都旅游攻略必去景点 | 南京旅游必去十大景点推荐 | 苏州旅游攻略必去景点推荐 | 360关键词 | 香格里拉 | 景德镇 | 井冈山 | 西安旅游必去景点攻略 | 红树林,"想不想来一次环球旅行,携程社区记录了全球数十万个城市的旅游景点,包括旅游攻略、地图、美食、住宿，分享用户游记，旅游心得，问答等等。要旅行，从携程开始。"
maoyan.com,休闲娱乐,猫眼电影,百度关键词 | 猫眼 | 猫眼电影 | 票房 | 猫眼实时票房 | 实时票房 | 360关键词 | 猫眼 | 猫眼电影 | 票房 | 猫眼实时票房 | 实时票房,国内观众优选的在线购票平台，用户流行的观影决策平台。
mipang.com,交通旅游,米胖网,百度关键词 | 重庆气温 | 湖南天气预报15天 | 建三江天气预报 | 浙西大峡谷 | 谷歌天气 | 360关键词 | 巴西天气 | 龙门山 | 土耳其天气 | 江浦 | 欧洲天气,米胖旅游网通过集合旅行社直销，不设400电话，只提供网络预订服务的独有模式，大程度降低中间环节的成本，帮助游客享受高性价比的旅游。同时提供丰富的旅游景点介绍和旅游攻略供您参考。
mapbar.com,生活服务,图吧,百度关键词 | 北京区号 | 898 | 232 | 意趣棋牌 | 企业电话名录 | 360关键词 | 石家庄公交 | 399 | 香港电话 | 棋牌室 | 852,"图吧地图是国内大的在线电子地图及无线地图服务提供商,市场占有率超过80％.图吧地图（map）为互联网和手机用户提供地图搜索、位置查询和公交,驾车线路等交通规划服务,为行业客户提供GIS行业应用解决方案和地图API产品,同时为中小企业客户提供推广必备的地图标注产品."
www.12306.cn,交通旅游,中国铁路客户服务中心,百度关键词 | 12306 | 火车票查询 | 铁路12306 | 12306官网 | 高铁票 | 360关键词 | 12306 | 火车票 | 12306网上订票官网 | 高铁 | 火车,"中国铁路客户服务中心（www.12306.cn）官方网站,可以查询旅客列车时刻表、票价、列车正晚点、车票余票、售票代售点、货物运价、车辆技术参数以及有关客货运规章。"
tcmap.com.cn,交通旅游,博雅地名网,百度关键词 | 博雅 | 民和县 | 博雅地图 | 博雅地图地名网 | 博雅地名网 | 360关键词 | 博雅 | 塘厦 | 博雅地图 | 博雅地图地名网 | 博雅地名网,"博雅地名网,中国行政区划,中国政区介绍,中国行政区划,中国各省份资料,中国行政区域划分,含中国各乡镇介绍,中国全的行政区划网站"
cncn.com,交通旅游,欣欣旅游网,百度关键词 | 在线测速 | 常州区号 | 0577 | 保定区号 | 旅行社旅游报价3日游 | 360关键词 | 邮编查询 | 深圳区号 | 昆明大理丽江6日游报价 | 昆明大理丽江6日游特价团 | 昆明大理丽江6天5晚,欣欣旅游网(cncn.com)中国在线旅游超市，4万家旅游顾问为您提供超过200万条旅游线路、门票、签证、机票、酒店等预订服务…为您量身定制不一样的旅行。
8684.cn,生活服务,8684公交网,百度关键词 | 太平洋时间 | 上海公交 | k8 | 312 | 广州公交 | 360关键词 | 中国高铁 | 南通地图 | 41 | 231 | 156,"8684公交是使用人数多,数据更新快的公交查询网站,长伴用户13年,覆盖400多个城市.提供公交车线路查询,公交线路,乘车路线查询,掌上公交,公交车来了等信息."
mafengwo.cn,交通旅游,蚂蜂窝,百度关键词 | 马蜂窝 | 江苏 | 河源 | 呼和浩特攻略旅游攻略 | 敦煌莫高窟旅游攻略 | 360关键词 | 马蜂窝 | 旅游 | 吉隆坡 | 敦煌莫高窟旅游攻略 | 贵州旅游攻略自由行最佳线路,"旅游网,自助游,旅游攻略,自驾游,路书信息来蚂蜂窝旅游网,蚂蜂窝旅游网获取旅游网信息,自助游,旅游攻略网,自驾游网站信息更全面。"
bbs.hupu.com,综合其他,虎扑体育论坛,百度关键词 | 足协杯 | 虎扑论坛 | 甜性涩爱 | 虎扑社区 | apl直播 | 360关键词 | 虎扑论坛 | 虎扑步行街 | 崩铁 | 马刺 | 虎扑社区,"虎扑体育论坛以NBA话题为主,包含CBA,足球,F1等内容的讨论,拥有热情而不失理性的良好讨论氛围,提供论坛版块定制等个性化功能."
bytravel.cn,交通旅游,博雅旅游网,百度关键词 | 挑码助手 | 海口彩票网加急版 | 斗鱼三骚 | 唐绍仪 | 肥城桃 | 360关键词 | 李锐 | 彝族年 | 友趣棋牌 | 盛庸 | 广西旅游必去十大景点排名,博雅旅游网（www.bytravel.cn）。
google.cn,综合其他,谷歌中国,百度关键词 | chrome | 谷歌地图 | google浏览器 | chrome浏览器 | 谷歌浏览器 | 360关键词 | chrome | google浏览器 | 谷歌浏览器官网 | chrome浏览器 | 谷歌浏览器,2010年3月23日凌晨，Google公司总部发表声明正式退出中国，终关闭中国版搜索服务，转用香港的服务器提供简体服务。
qunar.com,交通旅游,去哪儿,百度关键词 | 去哪儿网 | 去哪儿 | 去哪网 | 酒店预订 | 去哪儿官网订机票 | 360关键词 | 去哪儿网 | 去哪儿 | 机票 | 飞机 | 去哪网,去哪儿网（Qunar.com）是中国领先的无线和在线旅游平台，其网站上线于2005年5月，公司总部位于北京。去哪儿网致力于建立一个为整个旅游业价值链服务的生态系统，并通过科技来改变人们的旅行方式。去哪儿网通过其自有技术平台有效匹配旅游业的供需，满足旅游服务供应商和中国旅行者的需求。
ctrip.com,交通旅游,携程旅行网,百度关键词 | 携程 | 携程网 | 携程网上订票飞机票 | 携程旅行 | 成都旅游必去十大景点推荐 | 360关键词 | 携程 | 携程网 | 万信至格酒店 | 朗丽兹酒店 | 携程网上订票飞机票,携程旅行网是中国领先的在线旅行服务公司，向超过1400万会员提供集酒店预订、机票预订、度假预订、商旅管理、特惠商户及旅游资讯在内的全方位旅行服务。
youdao.com,综合其他,有道,百度关键词 | 有道翻译 | 有道 | 有道翻译在线 | 有道词典 | 有道云笔记 | 360关键词 | 有道翻译 | 有道 | 有道翻译在线 | 有道词典 | 有道云笔记,网易旗下搜索引擎，主要提供网页、图片、热闻、视频、音乐、博客等传统搜索服务，同时推出海量词典、阅读、购物搜索等创新型产品。
64365.com,综合其他,律图,百度关键词 | 公积金贷款利率 | 年龄计算 | 企业所得税税率 | 定期存款利率 | 端午节高速 | 360关键词 | 律师 | 孳息 | 辞退员工补偿标准2023 | 诉讼费收费标准2023 | 产检假,律图（原律师365）（64365.com）创立于2004年，是全国知名的大型法律服务门户网站，自成立以来始终秉承“满足用户需求，提高用户满意度”的服务宗旨，为法律咨询者提供品质服务！旨在为广大用户寻求法律帮助指引路途，让用户找到信得过的好律师，让找好律师不再走弯路。
cnblogs.com,综合其他,博客园,百度关键词 | 博客园 | animate.css | linux 删除文件 | java nio | promise.all | 360关键词 | 博客园 | springboot | flink | elasticsearch | kafka,博客园是面向程序员的高品质IT技术学习社区，是程序员学习成长的地方。博客园致力于为程序员打造一个优秀的互联网平台，帮助程序员学好IT技术，更好地用技术改变世界。
people.com.cn,综合其他,人民网,百度关键词 | 人民网 | 人民日报 | 两个确立 | 人民日报电子版 | 党史 | 360关键词 | 人民网 | 人民日报 | 四个自信 | 人民日报电子版 | 马克思主义为什么行,人民网，是世界十大报纸之一《人民日报》建设的以新闻为主的大型网上信息发布平台，也是互联网上最大的中文和多语种新闻网站之一。作为国家重点新闻网站，人民网以新闻报道的权威性、及时性、多样性和评论性为特色，在网民中树立起了“权威媒体、大众网站”的形象。
mp.weixin.qq.com,综合其他,微信公众平台,百度关键词 | 微信公众平台 | 微信公众号 | 公众号 | 微信小程序 | 公众号平台 | 360关键词 | 微信公众平台 | 微信公众号 | 公众号 | 微信小程序 | 公众号平台,微信公众平台，给个人、企业和组织提供业务服务与用户管理能力的全新服务平台。
ssqzj.com,综合其他,3D之家,百度关键词 | 3d试机号 | 3d之家 | 福彩3d试机号 | 3d胆码 | 3d试机号今天查询 | 360关键词 | 3d之家 | 012 | www.3 | 福彩论坛 | 双色球红蓝走势图,"【3D之家-专业福彩3D门户站】免费提供福彩3d开奖结果,3d开奖号,3d走势图,福彩3d走势图带连线,3d试机号,3d试机号查询,3d开机号,3d胆码,3d杀号,3d预测,3d字谜图谜总汇,3d图库,3D彩报,3d过滤工具等资讯推荐及走势图工具分析,为还在中奖路上的彩民服务."
cn.bing.com,综合其他,必应,百度关键词 | iconfont | typescript | sas | 必应学术 | rutracker | 360关键词 | bing | 必应 | 必应搜索 | biying | 必应学术,"微软公司2009年5月29日正式宣布推出全新中文搜索品牌“必应”，打造全新的快乐搜索体验。此次“必应”中文搜索品牌的发布将于微软全球搜索品牌Bing同步，是微软全球搜索服务品牌战略发布的一个重要组成部分。
"
smzdm.com,购物网站,什么值得买,百度关键词 | 什么值得买 | 值得买 | smzdm | 摩托车报价大全 | 悠悠mp4 | 360关键词 | 什么值得买 | 值得买 | smzdm | 学而思学习机 | 鬼片,什么值得买（www.smzdm.com）是一个中立的，致力于帮助广大网友买到更有性价比网购产品的推荐网站。
bendibao.com,综合其他,本地宝,百度关键词 | 技能人才评价证书全国联网查询 | 本地宝 | 深圳本地宝 | 石家庄最新疫情 | 北京中高风险地区最新名单最新 | 360关键词 | 二维码&#160;红包 | 亲清在线 | 佛山疫情 | 烟台疫情 | 鞍山疫情,深圳本地城市生活门户网站，提供深圳地区交通、旅游、房地产、美食、购物、教育、医疗、求职招聘、团购、诚信商家等生活服务类精华实用资讯。
china.com,综合其他,中华网,百度关键词 | 中华网 | 中华军事网 | xmm | 中保研 | 传世sf怎么开 | 360关键词 | 刘伯温 | 10岁娃用牙洞修复牙膏后损失6颗牙 | 中俄这次联合空中巡航有何不同? | 翼龙贷暴力催收 | 003航母最新消息,中华网以中国的市场为核心，致力为当地用户提供流动增值服务、网上娱乐及互联网服务。本公司亦推出网上游戏，及透过其门户网站提供包罗万有的网上产品及服务。
66law.cn,综合其他,华律网,百度关键词 | 个人所得税税率表2023 | 被执行人信息查询 | 资本公积 | 职务侵占罪 | 身份证正面 | 360关键词 | 刑法 | 净资产收益率 | 土地管理法 | 工资个人所得税标准 | 保险法,华律网（66law.cn）是国内领先的在线法律咨询平台，2004年6月正式上线，隶属于成都华律网络服务有限公司。
lofter.com,综合其他,LOFTER,百度关键词 | lofter | lofter网页版 | maya | 乐乎 | 雷安 | 360关键词 | lofter | 散兵 | 老福特 | ch | 乐乎,"LOFTER是网易2011年8月下旬推出的一款轻博客，并首次采用独立域名，口号为“专注兴趣，分享创作”，将于12月1日公开注册。
"
ifeng.com,综合其他,凤凰网,百度关键词 | 凤凰网 | 凤凰 | 凤凰网官网 | 凤凰卫视 | 李念官宣三胎产子 | 360关键词 | 凤凰网 | 凤凰 | 无价之宝 | 前任4 | 凤凰网官网,凤凰网是中国领先的综合门户网站，提供含文图音视频的全方位综合新闻资讯、深度访谈、观点评论、财经产品、互动应用、分享社区等服务，同时与凤凰无线、凤凰宽频形成三屏联动，为全球主流华人提供互联网、无线通信、电视网三网融合无缝衔接的新媒体优质体验。
bing.com,综合其他,微软必应搜索,百度关键词 | bing | 必应 | iconfont | 必应搜索 | biying | 360关键词 | bing | 必应 | 必应搜索 | biying | 必应学术,微软必应搜索是国际领先的搜索引擎，为中国用户提供网页、图片、视频、词典、翻译、资讯、地图等全球信息搜索服务。
chinaz.com,综合其他,站长之家,百度关键词 | 站长工具 | 站长之家 | ping | 站长素材 | 音效 | 360关键词 | 站长工具 | 字体 | 时间戳转换 | 字体下载 | 域名查询,站长之家(中国站长站)为个人站长与企业网络提供全面的站长资讯、源代码程序下载、海量建站素材、强大的搜索优化辅助工具、网络产品设计与运营理念以及一站式网络解决方案，十年来我们一直致力为中文网站提供动力。
2345.com,综合其他,2345网址导航,百度关键词 | 2345 | 2345网址导航 | 泰剧 | 动漫网站 | 2345天气 | 360关键词 | 2345 | 电视剧免费观看电视剧大全在线观看 | 2345网址导航 | 23 | 历史天气,2345.com热门网址导航站网罗精彩实用网址，如音乐、小说、NBA、财经、购物、视频、软件及热门游戏网址大全等，提供了多种搜索引擎入口、实用查询、天气预报、个性定制等实用功能，帮助广大网友畅游网络更轻松。
sohu.com,综合其他,搜狐,百度关键词 | 向共和国的蓝天卫士致敬 | 和新老朋友双向奔赴 | 搜狐 | zlibrary | 长沙塌楼事故应急救援专家哭了 | 360关键词 | 搜狐 | 黄多多17岁穿搭 | zlibrary | 过去五年经济社会发展成绩单 | z-library,搜狐网为用户提供24小时不间断的x新闻资讯，及搜索、邮件等网络服务。内容包括全球热点事件、突发新闻、时事评论、热播影视剧、体育赛事、行业动态、生活服务信息，以及论坛、博客、微博、我的搜狐等互动空间。
blog.csdn.net,综合其他,CSDN博客,百度关键词 | base64 | element-ui | cmake | centos7 | threejs三维地图可视化 | 360关键词 | k8s | latex | rabbitmq | 网络直播服务器 | threejs三维地图可视化,"CSDN深度IT技术博客，移动开发博客,Web前端博客,企业架构博客,编程语言博客,互联网博客,数据库博客,系统运维博客,云计算博客,研发管理博客,IT blog"
sogou.com,综合其他,搜狗,百度关键词 | 搜狗输入法 | 搜狗 | 搜狗浏览器 | 搜狗输入法下载安装 | 输入法 | 360关键词 | 搜狗输入法 | 搜狗 | 搜狗浏览器 | 搜狗翻译 | 蕃尼,搜狗是搜狐公司的旗下子公司，于2004年8月3日推出，目的是增强搜狐网的搜索技能，主要经营搜狐公司的搜索业务。在搜索业务的同时，也推出搜狗输入法、免费邮箱、企业邮箱等业务。2010年8月9日搜狐与阿里巴巴宣布将分拆搜狗成立独立公司，引入战略投资，注资后的搜狗有望成为仅次于百度的中文搜索工具。
so.com,综合其他,好搜,百度关键词 | 360搜索 | 360地图 | 360搜索引擎 | 360翻译 | 潮流一族 | 360关键词 | 翻译 | 地图 | 宁安如梦 | 和平精英 游戏 | 王者荣耀 游戏,好搜是奇虎360公司推出的独立搜索品牌，致力于为您提供更精准、更快捷、更安全的搜索服务。用好搜，特顺手。
douban.com,综合其他,豆瓣,百度关键词 | 豆瓣 | 豆瓣电影 | 豆瓣读书 | 豆瓣小组 | 豆瓣官网 | 360关键词 | 豆瓣 | 豆瓣电影 | 奥本海默 | 豆瓣读书 | 掮客 电影,豆瓣提供图书、电影、音乐唱片的推荐、评论和价格比较，以及城市独特的文化生活。
sina.com.cn,综合其他,新浪网,百度关键词 | 200亿短剧生意 越土越暴利 | 男人消费力首次超过宠物狗 | 大s回应小s复出演戏 | 新浪 | 一稻济天下 肝胆两昆仑 | 360关键词 | 美元兑人民币汇率 | 新浪 | 进击的巨人最终季 | 新浪邮箱 | 买黄金的年轻人们 支棱不起来了?,新浪网为全球用户24小时提供全面及时的中文资讯，内容覆盖国内外突发新闻事件、体坛赛事、娱乐时尚、产业资讯、实用信息等，设有新闻、体育、娱乐、财经、科技、房产、汽车等30多个内容频道，同时开设博客、视频、论坛等自由互动交流空间。
weibo.com,综合其他,新浪微博,百度关键词 | 微博 | nga | 新浪微博 | 咪咕体育 | 微博网页版 | 360关键词 | 微博 | 新浪微博 | 微博网页版 | weibo | 微博热搜,微博是基于用户关系的社交媒体平台，用户可以通过PC、手机等多种移动终端接入，以文字、图片、视频等多媒体形式，实现信息的即时分享、传播互动 。
163.com,综合其他,网易,百度关键词 | 55个品牌被移出中华老字号 | 163邮箱登录 | 163 | 网易邮箱 | 光遇 游戏 | 360关键词 | 163邮箱登录 | 163 | 网易邮箱 | 网易云音乐 | 郑州一老师漏掉15名考生高考报名,网易是中国领先的互联网技术公司，为用户提供免费邮箱、游戏、搜索引擎服务，开设新闻、娱乐、体育等30多个内容频道，及博客、视频、论坛等互动交流，网聚人的力量。
qq.com,综合其他,腾讯网,百度关键词 | qq邮箱 | 微信 | qq | 和平精英 游戏 | 王者荣耀 游戏 | 360关键词 | qq邮箱 | 微信 | qq | 腾讯视频 | 微信网页版,腾讯网从2003年创立至今，已经成为集新闻信息，区域垂直生活服务、社会化媒体资讯和产品为一体的互联网媒体平台。腾讯网下设新闻、科技、财经、娱乐、体育、汽车、时尚等多个频道，充分满足用户对不同类型资讯的需求。同时专注不同领域内容，打造精品栏目，并顺应技术发展趋势，推出网络直播等创新形式，改变了用
vodjk.com,医疗健康,健康第一线,百度关键词 | 泰国试管婴儿医院 | 人死前的15种征兆 | 望闻问切指的是什么 | 泰国试管婴儿机构 | 泰国试管医院 | 360关键词 | 姐夫 | 杨梅的功效和作用 | 双相障碍是什么病 | 小腹疼 | 肺结核的传播途径,健康第一线（www.vodjk.com），首家健康类视频网站。提供权威，公正，科学的专业健康视频信息，内容涵盖老百姓关心的诸多健康话题。
www.baidu.com,综合其他,百度,百度关键词 | 炎亚纶涉嫌性剥削被起诉 | 为中美关系把舵领航 | 女生没开朋友圈被hr质疑性格封闭 | 中国女子在日本遇害案监控曝光 | 济南15岁少年被清华录取 | 360关键词 | 百度 | baidu | www.baidu.com | baidu.com | 百度一下 你就知道,百度，全球大的中文搜索引擎、大的中文网站。2000年1月创立于北京中关村。
myzx.cn,医疗健康,名医在线,百度关键词 | 减肥食谱一周瘦10斤 | 名医在线 | 袋鼠妈妈护肤品安全吗 | 315曝光不合格益生菌 | 7周香港验血男孩却生了女孩 | 360关键词 | 阿尔兹海默症 | 地中海饮食 | 他达拉非的功能主治 | 肺部磨玻璃结节意味着什么 | 不明肝炎最新发现,"名医在线(myzx.cn)是一家专注于健康咨询,健康问答的专业医患互动在线平台.提供专业的免费网上看病,在线问医生,医生在线咨询,解答等服务...健康问题,一网答尽!"
3618med.com,行业企业,3618医疗器械网,百度关键词 | 3618医疗器械网 | 郑州大鲸医疗科技有限公司 | 全自动仿生助产仪 | 愈合基台 | 北京新科以仁科技发展有限公司 | 360关键词 | 3618 | 贝科 | 医疗器械新闻 | 手术录播系统 | 3618医疗器械网,锐进3618医疗器械网（www.3618med.com）含各种医疗器械产品，3618特色频道有：医疗器械代理招商、招标中标、企业名录、新产品视频。
mingyihui.net,医疗健康,名医汇,百度关键词 | 武汉总医院 | 西安白癜风专科医院 | 乐平市第二人民医院 | 浙二医院挂号网上预约 | 广州包茎恒健标杆 | 360关键词 | 306 | 名医汇 | 郑州妇科 | 潘奇 | 上海最好的妇科医院,名医汇是全国覆盖面广的网上预约挂号平台、提供网上挂号、手术直约、电话/在线咨询、图文问诊等就医服务。3300家公立医院67万医生录入独家医院排行榜，200万病人点评医院、医生助您找到适合的就医方案快速挂号；
zysj.com.cn,医疗健康,中医世家,百度关键词 | 中医世家 | 奎宁 | 中医内科学 | 医学衷中参西录 | 黄帝内经素问 | 360关键词 | 伤寒杂病论 | 远志 | 中医世家 | 秦艽 | 皇甫谧,中医世家（王氏）的记录；中医相关的理论、方剂、药材、医案等信息的收集发布。
chinacdc.cn,医疗健康,中国疾病预防控制中心,百度关键词 | 中国疾病预防控制中心 | 中国疾控中心 | 疾控中心 | 国家疾控局 | 中疾控 | 360关键词 | cdc | 中国疾病预防控制中心 | 中国疾控中心 | 疾控中心 | 防疫,中国疾病预防控制中心(以下简称中国疾控中心)，英文名Chinese Center For Disease Control And Prevention，缩写CDC。是由政府举办的实施国家级疾病预防控制与公共卫生技术管理和服务的公益事业单位。
bioon.com,医疗健康,生物谷,百度关键词 | 生物谷网站 | mnsod | 生物谷 | rorγt | 生物谷网站 | 360关键词 | mrna | 生物谷 | diagonal | 圣诞岛虎头鼠 | 刺突蛋白,生物谷（www.bioon.com），中国专业的生物医药学网站，提供生物医药领域的资讯信息，以及与生物产业，新药开发，生物医药行业报告，生物医药人才招聘等综合服务
yaozh.com,医疗健康,药智网,百度关键词 | 药智网 | 药智数据 | 药智数据库 | 药智 | 药智网数据库 | 360关键词 | 药智网 | 药智数据 | 药智数据库 | 药智 | 药智网数据库,药智网是中国健康产业大数据服务平台，提供医药相关的所有数据信息，并汇聚数十万医药人才为您解决药品研发、生产、销售、技术转让等各个环节所遇到的难题！
medsci.cn,医疗健康,MedSci-临床研究与学术平台,百度关键词 | 梅斯医学 | medsci | sci影响因子 | medsci影响因子查询 | 梅斯医学影响因子查询 | 360关键词 | 梅斯医学 | 国家自然科学基金查询 | medsci | sci影响因子查询 | 梅斯,MedSci(梅斯医学)是专业从事临床研究、临床研究设计、数据管理、医学统计、学术论著翻译、修改的高端学术服务机构，致力于医疗质量的提高。
guahao.com,医疗健康,挂号网,百度关键词 | 微医挂号网 | 九龙男子医院 | www.guahao.com | 预约挂号网 | 上海医院预约 | 360关键词 | 微医 | 挂号网 | 挂号 | 南京皮肤病研究所 | 上海市浦东医院,挂号网是卫生部批准的全国健康咨询及就医指导平台官方网站，聚合了全国3900余家医院，600家重点三级以上医院的预约挂号资源，帮助每个患者，找对医生挂到号！
biomart.cn,医疗健康,丁香通,百度关键词 | 丁香通 | 巴氏小体 | star478 | f4/80 | idata知网免费入口 | 360关键词 | snp | 丁香通 | 吲哚乙酸 | ngs | 艾本德,丁香通，丁香园旗下专业的生物医药商业信息平台，拥有试剂抗体、仪器耗材、医疗设备、辅料原料药等各类产品供求信息近300万条，致力为医药企业和生物医药相关行业人士建立联系的桥梁和纽带，提供购销渠道以及优质服务，满足会员供应采购、合作转让招商代理、信息资讯查询等各类营销及实验科研需求。
cnkang.com,医疗健康,中华康网,百度关键词 | 美女大战精子 | 上海癫痫病医院 | 美女vs精子 | 牛心菜 | 癫痫病军海医院 | 360关键词 | 华东疗养院 | 朱世杰 | s是什么意思 | 不举是什么意思 | 上海皮肤科医院排名,中华康网致力于打造权威、全面、专业的健康资讯门户，全心全意为网友提供健康服务。如果您感到身体不适，或者想了解生活健康疾病相关的信息，在这里您可以找到答案。如果您觉得本站还不错，记得要和朋友一起分享哦！
dxy.cn,医疗健康,丁香园,百度关键词 | 丁香园 | 丁香园医学论坛 | 丁香园用药助手 | 丁香园论坛 | 丁香园医学网站 | 360关键词 | 丁香园 | ind | 丁香园医学论坛 | aki | 用药助手,丁香园是面向医生、医疗机构、医药从业者以及生命科学领域人士的专业性社会化网络，提供医学、医疗、药学、生命科学等相关领域的交流平台、专业知识、最新科研进展以及技术服务。
familydoctor.com.cn,医疗健康,家庭医生在线,百度关键词 | 家庭医生在线 | 昆明白癜风 | 合肥治疗性病医院 | 甘肃白癜风医院 | 如何自罚必须非常疼又无声 | 360关键词 | 过敏性鼻炎怎么治最有效的方法 | 502胶水粘在手上怎么去除掉 | 家庭医生 | 肠炎的主要症状有哪些 | 耳鸣治疗费用一般多少,"家庭医生在线是国内健康传媒品牌《家庭医生》杂志品牌在新媒体上的传承新生。家庭医生在线紧密围绕新媒体内容制造商、提供商和健康需求人群服务商的定位开展业务。家庭医生在线拥有以12位院士、国医大师为首的百余位医学权威组成的专家顾问团，拥有由400余位三甲医院副高以上一线临床专家组成的医学委员会。

"
pingguolv.com,医疗健康,苹果绿养生网,百度关键词 | 金枪鱼 | 捕捉儿童敏感期 | 侧柏叶洗头 | 喝水不让尿还按压小腹 | 顶着孕肚做 | 360关键词 | 淫羊藿 | 茉莉花 | 甘蔗 | 石斛的功效与作用 | 海棠果,苹果绿养生网与多地养生协会签订深度合作关系，以让生活更健康为宗旨，专注于天然养生保健知识，从营养学、中医学、健康管理学、美容学、心理学、运动学等不同维度分享养生之道和生活保健常识，是国内专业的养生保健网络媒体。宗旨：普及天然养生，提高生命质量，爱惜公共医疗预算，缓解医疗资源紧张。
91huayi.com,医疗健康,华医网,百度关键词 | 华医网 | 华医网继续教育网入口 | 科教管理平台 | 华医网继续教育 | 菏泽继续教育管理平台 | 360关键词 | 华医网 | 华医网继续教育网入口 | 掌上华医 | 医师定期考核 | 华医网继续教育,华医网专注于为中国医疗卫生行业提供远程教育培训和信息技术服务，已通过卫生部互联网卫生信息服 务管理审核，是卫生部批准的远程继续医学教育试点单位，是北京市科委认定的“双软”企业和高新技 术企业。
cnys.com,医疗健康,中华养生网,百度关键词 | 急性败血症 | 上皮细胞2 | 植脂末是什么 | 吃螃蟹喝什么酒 | 艾滋病标志 | 360关键词 | 肌酸激酶高是怎么回事 | 燕窝的功效与作用及营养 | 菠萝蜜的功效与作用的营养 | 橙子是热性还是凉性 | 养生知识,中华养生网是知名的养生门户，为广大网民提供养生保健知识，包括中医养生，食疗养生，运动养生，健康养生方法，春夏秋冬四季养生小常识等内容，是您健康生活的好伴侣！
jiankang.com,医疗健康,百姓健康网,百度关键词 | 开初处苞 | 卡斯琳抗敏褪红 | 女性的b | 女生扒开尿口 | 男生操男生 | 360关键词 | 人参果的功效与作用 | 甲状腺的主要症状 | dha的作用与功效 | 转氨酶 | 37度算发烧么,"百姓健康网(jiankang.com)作为权威医疗门户网站,提供前沿,完善的医疗资讯,依靠权威医院专家,院士合作,提供医院专家预约挂号,就诊信息,医患问答平台,提供权威健康服务,关注百姓健康"
cn-healthcare.com,医疗健康,健康界,百度关键词 | 吴孟超 | 乡镇卫生院 | 升白 | 可穿戴动态血压 | 坚决打赢疫情防控的 | 360关键词 | 健康界 | 生活饮用水卫生标准 | 医院排名 | 心电图怎么看图解 | 人体肌肉图,健康界网站是中国医疗界权威门户，拥有网站、手机报、移动客户端、微信、微博、图书等全媒体产品，关注医疗政策、医疗改革、医院管理、临床前沿、健康管理、医疗产业、医疗传媒等内容，目标受众包括卫生管理者、医院管理者、医务人员等。
fh21.com.cn,医疗健康,飞华健康网,百度关键词 | 爱他美奶粉怎么样 | 馒头穴 | 飞华健康网 | 雀巢奶粉怎么样 | 黑龙江中亚癫痫病医院口碑 | 360关键词 | 接吻病 | 整形 | 精神病医院 | 肺癌药物 | 美国疫苗,"飞华健康网是中国具有影响力健康门户，根植大众健康，提供科学权威的健康资讯，从医疗健康,保健到母婴育儿、两性健康等内容.并联合知名机构自主研发健康类软件，凭借丰富的医疗资讯和专业的技术为网民提供健康、营养、医疗等健康信息和服务"
ilife.cn,医疗健康,中国美容美体网,百度关键词 | 中国美容美体网 | 屈臣氏燕窝面膜 | 素颜霜妃龄七白膏 | bnt | 居家观察和居家隔离区别 | 360关键词 | 司美格鲁肽功效和作用 | 司美格鲁肽注射减肥有副作用吗 | healthy care | 玉米胚芽粉 | 颜如玉口服液怎么样,"中国美容美体网-是国内高端的美容美体保健品产品综合商城,销售各种美容美体保健品,包括:美容护肤,美体瘦身,丰胸美乳,香水彩妆,保健养生用品等,开通全国三千多个城市货到付款服务, 让您购物零风险"
xywy.com,医疗健康,寻医问药,百度关键词 | 寻医问药 | 悍马糖 | 寻医问药网 | 玉房秘诀 | 蒙古褶 | 360关键词 | 正常心率值是多少范围 | 寻医问药 | 红房子 | ocd | 上呼吸道感染吃什么药,寻医问药网以“为全民健康导航”为己任，传播“品质生活、健康为先”的理念，为患者、医生搭建精准医疗信息查询，一对一在线咨询，预约挂号等服务平台。
chunyuyisheng.com,医疗健康,春雨医生,百度关键词 | 春雨医生 | 格列宁 | 王阳明心学精髓60句 | 霍乱是几号病 | 妈妈给我做了 | 360关键词 | 春雨医生 | 爱爱 | 新冠肺炎1分钟自测 | 麻醉师 | 双杠臂屈伸,春雨医生(春雨掌上医生)是一个移动医疗健康应用，提供用户自诊、健康咨询、医患互动交流服务。北京春雨天下软件有限公司旗下产品。
,医疗健康,A 医学百科,百度关键词 | 二陈汤 | 剖腹产 | 合理用药 | 结晶紫 | food chemistry | 360关键词 | 疟疾 | 伤寒论 | 青春期 | 鼠疫 | 黑死病,A 医学百科是一个开放的在线医学百科全书网站，涵盖疾病百科、症状百科、药品百科、急救百科等医学保健知识。欢迎加入A 医学百科，与我们一起普及医学常识，推广健康生活方式。
cndzys.com,医疗健康,大众养生网,百度关键词 | 格瓦斯含酒精吗 | 养生网 | still病 | 老痒 | 韩式三点价格 | 360关键词 | 梧桐叶 | 白醋 | 两性 | 降糖最快一味中药 | 飞蚊症恢复最简单方法,中国养生第一门户：大众养生网秉承传播科学养生方法和理念将养生贯穿于日常生活，真正做到让养生大众化，全民化
jianke.com,医疗健康,健客网,百度关键词 | 阿托伐他汀钙片 | 健客网 | 白云山阿莫西林 | 胶体酒石酸铋胶囊 | 健客网上药店 | 360关键词 | 卡格列净 | 泰诺林 | 安达唐 | 健客网 | 钙尔奇碳酸钙d3片,健客网成立于2006年，总部位于广东省，09年获得国家食品药品监督管理局颁发的《互联网药品交易服务资格证书》，成为广东省第一家(B2C)互联网药品经营企业。
99.com.cn,医疗健康,99健康网,百度关键词 | 生男生女清宫图2023推算表 | 99健康网 | 30至50岁的人睡眠时间最少 | 赴美生子的好处 | 8个征兆说明你怀男孩了 | 360关键词 | 广州新世纪白癜风医院 | 西安仁爱白癜风医院 | 黄芪的功效与作用 | 女性 | 推拿,99健康网是一家专业提供健康资讯的综合性健康网，是适合中国人的健康门户网站。99健康网站旗下设有医院库、药品库、男科、妇科、中医、老人、育儿、体检、图库、美容、整形、减肥、健身、心理、饮食、保健、疾病等频道。是医疗保健类网站杰出代表，欢迎广大网友加入我们的99健康论坛一起交流健康养生之道。
haodf.com,医疗健康,好大夫在线,百度关键词 | 好大夫 | 好大夫在线 | 网上预约 | 痔疮医院 | 广州糖尿病医院 | 360关键词 | 好大夫 | 好大夫在线 | 合肥白癜风专科医院 | 南宁白癜风医院 | 南昌白癜风专科医院,好大夫在线，值得信赖的医疗平台，汇集全国17万+优质医疗权威专家，为患者提供网上看病、挂专家号，在线开药，线上买药，线上复诊，网络预约手术等全方位服务；患者通过好大夫在线获得全国优质医疗专家的权威诊治，小病大病网上就诊，让行医简单，看病不难。
120ask.com,医疗健康,有问必答网,百度关键词 | 炒白芍 | 月子餐30天食谱的详细安排 | 临床是什么意思 | 蓝色小药丸 | 逼逼 | 360关键词 | 感冒 | 折耳根 | 美林 | 知柏地黄丸有什么功效与作用 | 血沉高是怎么回事,快速问医生旗下有问必答网是优秀的医生在线健康问答咨询平台。来自全国数万名医生为您免费解答任何健康问题，可以通过电话、文字等多种方式与医生进行一对一咨询!
39.net,医疗健康,39健康网,百度关键词 | 39 | 39健康网 | 度拉糖肽 | 尼美舒利分散片 | 颜如玉口服液怎么样 | 360关键词 | 　风寒感冒 | 维生素 | 黄柏 | 莲雾 | 男性咨询,39健康网，专业的健康资讯门户网站，中国优质医疗保健信息与在线健康服务平台，医疗保健类网站杰出代表，荣获中国标杆品牌称号。提供专业、完善的健康信息服务，包括疾病，保健，健康新闻，专家咨询，病友论坛，男科，妇科，育儿，性爱，心理，整形，减肥，药品，急救，中医，美容，饮食，健身，医院查询，医生查
www.zyjkwh.com,医疗健康,华健网,百度关键词 | 华健网 | 华健网 | 张盛 | 养生茶配方 | 唐广文 | 360关键词 | 华健 | 华健网 | 华健网 | 华健网 | 华健网,华健网（中华健康学习网）主办企业频道、互联网医院、商城，以健康为理念，保健养生、电商、产品研发互联网加实体品牌公司，公司经营互联网信息技术服务、市场营销策划、组织大型庆典活动、会议会展服务，国内贸易、中药品、中成药、膳食、药品销售等。
offcn.com,教育文化,中公教育网,百度关键词 | 中公教育 | 中公 | 省考报名 | 学生账号登录入口 | 中公教育官网 | 360关键词 | 中公教育 | 中公 | 申论 | 京考 | 山东省考职位表,【中公教育-专业公务员培训机构】提供国考、省考、事业编、教师、银行、考研、会计等公告、时间、职位表、报名入口、成绩查询、真题、网校、笔试面试辅导及it培训。
cnki.net,教育文化,中国知网,百度关键词 | 知网 | 中国知网 | cnki | 知网官网入口 | 中国知网官网 | 360关键词 | 知网 | 中国知网 | cnki | 知网官网入口 | 中国知网官网,中国知网知识发现网络平台—面向海内外读者提供中国学术文献、外文文献、学位论文、报纸、会议、年鉴、工具书等各类资源统一检索、统一导航、在线阅读和下载服务。涵盖基础科学、文史哲、工程科技、社会科学、农业、经济与管理科学、医药卫生、信息科技等十大领域。
dict.cn,教育文化,海词词典,百度关键词 | 海词 | 海词词典 | 在线翻译英文 | 同意的英文 | dict.cn | 360关键词 | dict | catch | girl | site: | explode,海词为英语学习者提供在线英语词典、英语在线翻译、权威学习资料，是新时代的学习型在线词典，有1000万海量词汇，5000万忠实用户，专业教师在线翻译辅导。
www.chazidian.com,教育文化,查字典,百度关键词 | mai | 常州邮编 | liu | xia | jiang | 360关键词 | ba | 新华字典 | ga | 雪山 | 白晓卉,"查字典集合在线汉语字典,包括汉语词典,成语词典,英语词典等在线查询工具,是学生查询学习资料的好帮手。"
doc88.com,教育文化,道客巴巴,百度关键词 | 道客巴巴官网 | 05j909 | 道客巴巴下载 | 15j403-1 | 道客 | 360关键词 | 道客巴巴 | 道客巴巴官网 | 浦江经验 | 保密协议 | 内部控制机构设置与运行情况,"道客巴巴(doc88.com)是一个在线文档分享平台。你可以上传学术论文,研究报告,行业标准,课后答案,教学课件,工作总结,作文等电子文档，可以自由交换文档，还可以分享新的行业资讯。"
hujiang.com,教育文化,沪江网,百度关键词 | 沪江网校 | 地址翻译 | echo是什么意思 | 平假名和片假名的区别 | 若妻 | 360关键词 | 五十音 | 沪江网校 | 英语单词 | eft | 劝学高中课文,沪江网提供英语、日语、法语、韩语、网校等相关资讯，沪江网校、外语部落、小Q问答等学习社区，Super背单词、小D翻译、网校图书馆等学习工具；在沪江，收获的不仅仅是外语。
docin.com,教育文化,豆丁文库,百度关键词 | 豆丁网 | 成人小游戏 | 豆丁文库 | 为足球比赛投票 | 豆丁下载 | 360关键词 | 豆丁网 | 豆丁 | 施工现场临时用电安全技术规范 | 项目计划书 | 公路桥涵设计通用规范,"豆丁网是全球最大的中文社会化阅读分享平台，拥有商业,教育,研究报告,行业资料,学术论文,认证考试,星座,心理学等数亿实用文档和书刊杂志。"
360doc.cn,教育文化,360doc个人图书馆,百度关键词 | 360图书馆 | icloud储存空间已满怎么解决 | 360doc个人图书馆 | 360doc | 美体油画 | 360关键词 | 平方米怎么打 | 澎湖巡检司 | 释延鲁 | 羽翼仙 | 吃什么可以净化肺,360doc个人图书馆是免费的知识分享社区，注册后即可拥有自己的个人图书馆，并保存、管理和分享在网上看到的好文章。
360doc.com,教育文化,360doc个人图书馆,百度关键词 | 磁力搜索引擎 | 数字大写转换 | 磁力搜 | g502 | bdu | 360关键词 | odm | index函数 | cmo | lora | 定位人的实时位置,"“360doc个人图书馆”是“北京六智信息技术股份有限公司”运营的免费个人与企业知识管理网站，用户注册后，即可在360doc上免费拥
有自己的网上个人图书馆，进行网页文章收藏、管理、分享等操作。"
ccutu.com,教育文化,有途网,百度关键词 | 计算机等级 | 社工证 | 注册安全工程师报考条件及科目 | 一级建造师报名时间2023年 | 2023年中级经济师报名时间 | 360关键词 | 大学英语四级词汇 | 高校教师资格 | 社工师 | 高校教师资格证书 | 3+2学校,"有途高考网是国内知名的高考资讯网站，由长春工大网络部于2009年12月份创建，因域名为ccutu.com，故取域名后三位utu音译中文名“有途”，意为通过本网站实现每位考生的光明前途。

"
xhd.cn,教育文化,新航道,百度关键词 | 新航道 | 新航道雅思培训 | 新航道官网 | 北京新航道 | 新航道托福学习 | 360关键词 | 新航道 | 英国留学一年费用 | management缩写 | 留学咨询 | 新航道托福学习,新航道国际教育集团—中国英语培训领导品牌，提供雅思、托福、SAT、AP出国考试培训、留学中介服务，外教口语、剑桥青少、个性化学习、派乐多少儿英语、在线网校、冬夏令营、国际游学
unjs.com,教育文化,中国大学网,百度关键词 | 火龙果写作 | 奥运五环 | 个人事迹 | 个人房屋租赁合同 | 小猫钓鱼的故事 | 360关键词 | 工作总结 | 预备党员转正申请书 | 个人简历 | 职业生涯规划 | 预备党员转正申请,中国大学网(www.unjs.com)，包含大学排名、世界及全国高校排名、大学网址导航等；中国大学网站同时提供高考、中考、考研、公务员考试、资格考试、自考、作文、个人工作总结范文等教育教学资源和信息。
yuwenmi.com,教育文化,语文迷,百度关键词 | 现实表现材料 | 晓出净慈寺送林子方 | 姓氏大全 | 不知所谓 | 影响的近义词 | 360关键词 | 程门立雪 | 比喻句 | 睡前小故事哄女朋友 | 君不见 | 寓言故事大全100篇,【语文迷】作为中国专业的语文学习网站，开设汉字、词语、成语、 句子、段落、作文、古诗、故事、国学、文章阅读等栏目，致力于提升广大语文爱好者听、说、读、写、思等能力，提升中华民族的语文水平。
gaosan.com,教育文化,高三网,百度关键词 | 考研时间 | 双一流 | 计算机二级成绩查询时间 | arcsinx的导数 | 平安夜 苹果 | 360关键词 | 均值不等式 | 驻点 | 路漫漫其修远兮 | 高考倒计时 | 2023高考分数线公布时间,高中三年，陪你一起走过，涵盖高中全部科目学习方法和学习资料，以及高招信息，如大学名单、专业介绍等。有我陪伴，明天更光彩！
ruiwen.com,教育文化,中学语文教学资源网,百度关键词 | 简历 | 个人简历 | 教师资格证面试 | 整改报告 | 教案 | 360关键词 | 转正申请书 | 自我介绍 | 房屋租赁合同 | 邀请函模板 | 转正申请,"中学语文教学资源网（www.ruiwen.com）为中学语文教师提供课件教案,教学论文,中考试题,高考试题,课堂教学实录视频,课本课文朗读,唐诗宋词诗歌朗诵，百家讲坛，子午书简，电视诗歌散文欣赏等教学资源。"
51test.net,教育文化,无忧考网,百度关键词 | 无忧考网 | 个人自评 | 一年级数学口算题 | 一年级口算题 | 求职简历模板 | 360关键词 | 思想汇报 | 预备党员思想汇报 | 自我评价 | 入党动机 | 党员转正申请书,无忧考网是中国教育考试门户网站，提供学历、资格、英语、计算机、财经、医药、建筑等考试报名时间、成绩查询、试题答案、培训课程信息。
neea.edu.cn,教育文化,中国教育考试网,百度关键词 | 中国教育考试网 | 教资报名入口官网 | 教师资格证 | 教师资格证报考官网 | 计算机二级考试成绩查询 | 360关键词 | 中国教育考试网 | 教师资格证 | 教资报名入口官网 | 教师资格证官网 | 教师资格证报考官网,"教育部考试中心为教育部""指定承担教育考试专项职责任务并赋有部分行政管理职能的直属事业单位""。"
iciba.com,教育文化,爱词霸,百度关键词 | v | z | 大小写 | 字典 | 金山词霸 | 360关键词 | 日语翻译 | 日文翻译 | last | 爱词霸 | 金山词霸,爱词霸英语为广大英语学习爱好者提供金山词霸、在线词典、在线翻译、英语学习资料、英语歌曲、英语真题在线测试、汉语查词等服务，爱词霸英语在线查词和在线翻译频道致力于为您提供优质的在线查词及在线翻译服务
liuxue86.com,教育文化,出国留学网,百度关键词 | 教师资格证面试报名 | 颜文字 | 游戏名字 | 党建工作总结 | 教师资格证报名2023年下半年考试 | 360关键词 | 孙子兵法 | 工作证明 | 情况说明 | 党课 | 租房合同样板,出国留学网拥有海量的新闻资讯、行业、预警等！包括美国留学，英国留学等各国全面的留学费用、留学条件、留学生活、奖学金、签证等知识信息！以及完善的海外学校库，包含热门专业、申请条件、入学要求、大学排名、学校图库资讯！是您留学、选校的好助手！
newmotor.com.cn,综合其他,牛摩网,百度关键词 | 摩托车之家 | 牛摩网 | 摩托之家 | 摩托车网站 | 摩托网 | 360关键词 | 摩托车 | 摩托 | 摩托车之家 | 机车 | 摩托车报价大全,牛摩网为您提供新、牛的摩托车资讯信息、摩托车报价、摩托车图片、摩托车资料、摩托车论坛，积累历史经典车型的介绍，集成所有在销摩托车
newbalance.com.cn,体育健身,NewBalance中国官方网站,百度关键词 | nb | new balance | 新百伦 | newbalance | 新百伦官网 | 360关键词 | nb | new balance | newbalance | 新百伦官网 | 纽百伦,莅临new balance中国官方商城，开启你的运动潮流生活！全新的购物体验，演绎别样运动风尚，无论是推起“原色新生”风潮的574s，还是满足7天x24小时全天候都市潮流生活的247，抑或是富有质感的英美产，不同运动潮流方向，都能轻松满足你的穿搭生活。新百伦贸易（中国）有限公司，开启随性购物的风尚生活
zhihu.com,综合其他,知乎,百度关键词 | 知乎 | zhihu | 虹桥火车站遇离沪潮:进站排2小时 | 黄多多17岁穿搭 | 网页休闲游戏 | 360关键词 | 知乎 | 立冬吃什么 | 思维导图 | 找视频素材去哪个app | 无版权的影视素材网站,一个真实的网络问答社区，帮助你寻找答案，分享知识。
zdic.net,教育文化,汉典,百度关键词 | 汉典 | 辗转相除法 | 朝秦暮楚 | 情怀 | 汉典网 | 360关键词 | 汉典 | 好的 | 美育 | 是的 | 寒门,"汉典,旨在宏扬中华文化"
nba.hupu.com,体育健身,虎扑NBA中文网,百度关键词 | nba虎扑 | 虎扑nba | 虎扑篮球nba | 虎扑网 | 76人 | 360关键词 | nba虎扑 | 虎扑nba | 虎扑篮球nba | hoop | hoopchina,"nba,虎扑nba中文网,nba为主的专业篮球网站,专注于全的nba直播,nba视频,图片及原创nba新闻,分析等深入内容,拥有良好氛围的nba火箭,湖人,热火等全部nba球队论坛."
badmintoncn.com,体育健身,中羽在线网  ,百度关键词 | 中羽在线 | 中羽 | 中羽论坛 | 中羽在线论坛 | 中国羽球在线 | 360关键词 | 中羽在线 | 中羽 | 中羽论坛 | 羽毛球论坛 | 羽毛球世界排名,中羽在线网是国内第一羽毛球互动门户，拥有专业丰富的羽毛球资讯和火爆的球迷互动社区。包括球迷论坛，新闻资讯，技术讨论，球星资料，教学视频，羽毛球器材装备库，羽毛球俱乐部，球友博客等栏目
cjcp.com.cn,体育健身,彩经网,百度关键词 | 福彩七乐彩走势图 | 彩经网杀号定胆 | 排列五复式计算器 | 3d选号过滤器 | 3d缩水软件 | 360关键词 | 快乐8走势图 | 彩经网 | 快乐八走势图 | 快乐8玩法中奖规则 | 快乐8开奖走势图,【要想中大奖天天彩经网】专业的彩票资讯图表分析预测数据服务，深耕福利彩票体育彩票多年，多位彩票专家全彩种预测开奖号码，准确率高战绩优秀屡中大奖，为还在中奖路上的彩民服务
nike.com,体育健身,nike官网,百度关键词 | 男子玉米地死亡 警方：酒后冻死 | aj | aj4 | aj11 | nike id | 360关键词 | nike官网 | snkrs | nike美国官网 | nikeid | nike id,NIKE是全球著名的体育运动品牌，英文原意指希腊胜利女神，中文译为耐克。
dongqiudi.com,体育健身,懂球帝,百度关键词 | 懂球帝 | 懂球帝官网 | 懂球帝直播 | 懂球帝网页版 | 足球直播24小时在线观看免费 | 360关键词 | 懂球帝 | 格林伍德 | 一赛季一生情 | 弗拉霍维奇 | 阿德里安,懂球帝提供专业足球资讯、足球视频、免费足球直播等内容，一切为了中国足球迷服务。懂不懂足球，都用懂球帝。
8264.com,体育健身,户外资料网,百度关键词 | 8264 | 户外 | 户外论坛 | 骑行论坛 | 8264论坛 | 360关键词 | 8264 | 印度地图 | 户外 | 驴友 | 旅游论坛,"户外运动休闲体育门户网站，包括户外运动资讯、自助旅游、登山、攀岩、自驾、骑行、滑雪、户外装备、测评、攻略、游记、品牌、俱乐部、店铺、人才、图库、地图、下载、视频、摄影等相关内容。 ,户外资料网"
800820.net,体育健身,天齐网,百度关键词 | 双色球杀号 | 天齐网 | 双色球杀号定胆 | 大乐透杀号定胆 | 双色球预测100%准确 | 360关键词 | 双色球预测 | 天齐网 | 双色球预测专家最准确 | 大乐透预测最准十专家 | 3d杀号,"天齐网（www.800820.net），彩吧论坛,采摘网,P3正版藏机图,开机号,试机号,开奖公告,排列三走势图等。"
nowscore.com,体育健身,捷报比分网,百度关键词 | 捷报比分 | 比分网 | 网球比分捷报网 | 足球比分捷报 | 篮球即时比分 | 360关键词 | 捷报比分 | 比分网 | 足球即时比分 | 篮球比分 | 欧罗巴,"捷报比分网是一家主要提供足球比分,以及综合球类比分直播的体育资讯网站,本站特邀足彩名家每日撰写原创足球推荐,真正做到全年365日不间断更新,是球迷和彩民首选的足球比分直播网站。"
nba.com,行业企业,NBA官方网站,百度关键词 | nba直播 | nba在线 | 球星比分 | nba中国官方网站 | nbaa | 360关键词 | nba' | nab | bna | nba中文 | nba赛事,NBA中国官方网站
sports.qq.com,体育健身,腾讯体育,百度关键词 | 腾讯体育 | 腾讯nba | nba腾讯 | nba腾讯体育 | 腾讯体育官网 | 360关键词 | 腾讯体育 | 腾讯nba | nba腾讯 | nba腾讯体育 | 腾讯体育官网,腾讯体育是中国知名的体育门户网站，主要为您提供以下栏目：国内足球、国际足球、nba、cba、综合体育、奥运、直播、彩票、竞猜等，在各项指标中均树立了绝对领先地位。
55125.cn,体育健身,中国彩吧,百度关键词 | 排列三试机号 | 55125 | 彩吧 | 彩吧论坛首页 | 中国彩吧更懂彩民 | 360关键词 | 双色球开奖时间 | 大乐透开奖时间 | 55125 | 彩吧论坛首页 | 彩吧,"中国彩吧（www.55125.cn）和彩吧论坛专注于双色球,福彩3D,七乐彩,排列3,排列5,七星彩等信息的资讯和讨论。"
55128.cn,体育健身,彩吧助手,百度关键词 | 福彩3d走势图 | 大乐透杀号 | 彩吧助手 | 3d彩吧助手 | 55128 | 360关键词 | 双色球机选 | 彩吧助手 | 大乐透机选 | 31 | 广东十一选5分布走势图,彩吧助手（www.55128.cn）中国彩吧的专业彩票工具|彩票走势图站点|彩票遗漏统计。
sports.sina.com.cn,体育健身,新浪体育,百度关键词 | 新浪体育 | 意甲 | 新浪nba | 新浪体育nba | 胜负彩 | 360关键词 | 新浪体育 | 体育 | 新浪nba | 新浪体育nba | sina体育,新浪体育提供快速全面专业的体育新闻和赛事报道，主要有以下栏目：中国足球、国际足球、篮球、nba、综合体育、奥运、f1、网球、高尔夫、棋牌、彩票、视频、图片、博客、体育微博、社区论坛。
zhibo8.cc,体育健身,直播吧,百度关键词 | nba直播吧 | 直播8 | 足球直播 | 直播吧官网 | zhibo8 | 360关键词 | 直播吧 | 直播8 | nba直播吧 | 足球直播 | 直播吧官网,"直播吧是知名体育平台,主要为足球迷,篮球迷等提供直播,新闻资讯,数据,论坛社区,原创报道,视频集锦等服务"
titan007.com,体育健身,奥迅球探网,百度关键词 | 球探比分 | 球探 | 球探体育 | 球探足球比分即时比分 | 足球比分直播 | 360关键词 | 球探比分 | 球探 | 球探体育 | 球探足球比分即时比分 | 球探足球比分,奥迅球探网（www.titan007.com）领先体育彩票数据门户，提供竞彩足球和竞彩篮球的竞彩网上投注、竞彩开奖查询等竞彩数据服务，竞彩专家与您分享每日竞彩推荐、竞彩预测。
zhcw.com,体育健身,中彩网,百度关键词 | 双色球走势图 | 双色球走势图带连线图 | 中彩网 | 中彩网首页 | 双色球走势图中彩网 | 360关键词 | 中国福彩 | www.zhcw.com | 双色球模拟摇奖器 | 中彩 | 中国福利彩票网,中彩网是中国福利彩票发行管理中心指定的网络信息发布媒体。网站一直致力于提供彩票开奖结果包括双色球开奖结果，3D开奖结果，七乐彩开奖结果，东方6+1开奖结果以及彩票走势图包括双色球走势图，3D走势图，七乐彩走势图，东方6+1走势图等内容。
sporttery.cn,体育健身,中国竞彩网,百度关键词 | 竞彩网 | 竞彩网首页 | 足球竞彩平台 | 足球竞彩app | 竞彩APP | 360关键词 | 竞彩网首页 | 中国竞彩网 | 竞彩足球 | 竞彩 | 购彩平台,中国体育彩票竞猜游戏官方信息发布平台：发布“竞彩”彩票固定奖金、受注赛程、开奖结果，以及传统足彩、数字彩票资讯。
sports.cctv.com,体育健身,央视网体育频道,百度关键词 | nba在线直播免费观看直播 | 央视体育 | 网球直播 | f1直播 | 法网直播 | 360关键词 | cba直播 | f1直播 | nba直播免费观看高清 | 法网直播 | u19男篮世界杯直播,央视网(cctv.com)体育提供全面专业的体育直播、体育视频、体育图文、体育赛事、体育评论，内容涵盖世界杯、国足、nba、cba、篮球、意甲、西甲、德甲、足球、综合体育、奥运会等国内外重大赛事，以及cctv所有体育类节目的信息和cctv5栏目。
sports.sohu.com,体育健身,搜狐体育,百度关键词 | 搜狐体育 | nba搜狐 | 欧洲杯外围 | 谷爱凌身高 | 欧洲杯淘汰赛 | 360关键词 | 竞彩网 | 搜狐体育 | 中彩网 | 勇士湖人 | 拉伊奥拉,搜狐体育是中国领先的体育媒体 ，是最受体育迷欢迎的网络资讯及互动平台之一。频道集赛事新闻报道、赛事视频转播、体育资讯服务、自媒体内容互动于一体，着力打造国内具影响力的体育媒体。
okooo.com,体育健身,澳客彩票网,百度关键词 | 澳客 | 澳客彩票网官网 | okooo | aoke | 澳门开奖结果2023开奖记录 | 360关键词 | 澳客 | 澳客彩票网官网 | okooo | okooo澳客彩票网官网 | 足球竞彩app,澳客网是针对中国福利彩票和中国体育彩票开展电话投注的互联网彩票合买代购交易平台，为彩民提供福彩3D彩票、双色球彩票、体育彩票、福利彩票等彩种的电话投注购买彩票业务。提供关于彩票的各种新闻资讯以及彩票预测、彩票投注技巧和彩票开奖信息等内容，为彩民提供可信赖的安全网上彩票购买平台。
zgzcw.com,体育健身,中国足彩网,百度关键词 | 足彩 | 中国足彩网 | 足彩网 | 足彩app | 足球彩票 | 360关键词 | 足彩 | 中国足彩网 | 英超积分榜 | 足彩网 | 足球竞彩平台,"中国足彩网（zgzcw.com）专业彩票代购合买平台,彩票资讯信息,奥运彩票,图文分析,开奖公告等。"
cz89.com,体育健身,牛彩网,百度关键词 | 双色球预测 | 大乐透预测 | 3d预测 | 福彩3d字谜图谜总汇 | 双色球专家预测 | 360关键词 | 3d走势图 | 大乐透预测 | 3d走势图带连线图 | 3d开奖结果走势图 | 七乐彩走势图,"牛彩网（原名彩摘网）是从各大专业彩票网站上收录其3d预测、3d字谜、3d图谜等精华内容,方便彩民浏览的彩票行业网摘网站."
500.com,体育健身,500彩票网,百度关键词 | 500万彩票网 | 500 | 500彩票 | 双色球基本走势图 | 500万彩票官网 | 360关键词 | 大乐透走势图 | 500万彩票网 | 500 | 500万彩票官网 | 欧洲杯积分,500彩票网彩票购买平台提供足彩、体彩、足球彩票、体育彩票、竞彩、福彩等国家合法彩票的购买合买服务。是一家服务于中国彩民的互联网彩票合买代购交易平台，是当前中国彩票互联网交易行业的领导者。
78500.cn,体育健身,彩宝贝,百度关键词 | 双色球今天开奖号码 | 双色球复式计算器 | 大乐透机选 | 双色球复式 | shuangseq | 360关键词 | 大乐透中奖规则 | 彩票查询结果 | 双色球杀号 | 大乐透杀号 | 彩宝贝,彩宝贝网（www.78500.cn）是专业的彩票行业网站，提供丰富的彩票资讯，自主研发多种主流彩票走势图和工具，还有开奖号码查询、历史上今天、杀号定胆等特色栏目。
yule.sohu.com,休闲娱乐,搜狐娱乐,百度关键词 | 扎克伯格 | 97韩剧网手机版高清 | 光荣与梦想 | 杨洋王楚然恋情疑似曝光 | hongkongdoll | 360关键词 | 庆余年2什么时候上映 | 鱿鱼游戏电视剧全集播放 | 鱿鱼游戏在线观看完整版 | 疾速追杀5 | 鱿鱼游戏在线观看免费完整版,搜狐娱乐提供娱乐，明星、八卦、搜狐高清影视、电影、电视、音乐、综艺、演出、评论、图片、视听、剧照、写真、DVD/CD、专题、论坛、下载、搜狐独家策划等栏目。
17500.cn,体育健身,乐彩网,百度关键词 | 快乐8走势图 | 双色球开奖走势图 | 大乐透开奖走势图 | 排列五走势图 | 排列三走势图 | 360关键词 | 乐彩网17500 | 乐彩网 | 17500 | 17500cn乐彩网 | 乐彩,乐彩网（www.17500.cn）专注于我国彩票资讯交流，力求提供及时、准确、完整的彩票信息，并不断研发、完善在线彩票走势分析、在线选号分析与方法，更好地服务大众投资彩票。
cwl.gov.cn,体育健身,中国福彩网,百度关键词 | 双色球开奖号码结果查询 | 福利彩票 | 双色球中奖规则 | 中国福利彩票 | 双色球开奖 | 360关键词 | 中国福利彩票 | 福彩 | 福利 | 中国福利彩票官网 | 中国福彩网,中国福彩网是由中国福利彩票发行管理中心主办的官方网站，服务于社会公众，传福彩公益，传播福彩文化，介绍福彩品种和游戏，提升福利彩票的认知度和美誉度，促进福利彩票事业健康、科学、可持续发展，为社会福利事业和社会公益事业作出更大的贡献。
book.qq.com,休闲娱乐,腾讯读书,百度关键词 | qq阅读 | 腾讯阅读 | 混世小农民 | 辣文合集 | the porn | 360关键词 | qq阅读 | 狠狠撸 | 第一版主网 | 我的阿勒泰 | 宫墙柳,腾讯读书频道，提供最新出版的中文图书，全文阅读，小说出版，图书创作平台，作者访谈，图书宣传，提供海量图书阅读，提供出版咨询，提供完善的原创小说创作阅读平台。
lottery.gov.cn,体育健身,中国体彩网,百度关键词 | 体彩 | 体育彩票 | 中国体育彩票 | 七星彩走势图 | 中国体彩网 | 360关键词 | 体彩 | 体育彩票 | 中国体育彩票 | 中国体彩网 | 中国体彩,中国体彩网 - 体育彩票管理中心唯一指定官方网站
y.qq.com,休闲娱乐,QQ音乐,百度关键词 | qq音乐 | kds | qq音乐网页版 | qq音乐下载 | 午夜.dj高清在线观看免费6 | 360关键词 | qq音乐 | qq音乐网页版 | qq音乐官网 | music | qq音乐在线听歌,qq音乐是腾讯公司推出的一款网络音乐服务产品，海量音乐在线试听、新歌热歌在线首发、歌词翻译、手机铃声下载、高品质无损音乐试听、海量无损曲库、正版音乐下载、空间背景音乐设置、mv观看等，是互联网音乐播放和下载的优选。
hupu.com,体育健身,虎扑体育,百度关键词 | 虎扑 | nba虎扑 | 虎扑nba | hupu | 虎扑社区 | 360关键词 | 虎扑 | nba虎扑 | 虎扑nba | 虎扑篮球nba | 虎扑社区,虎扑是一个认真而有趣的社区，每天有众多jrs在虎扑分享自己对篮球、足球、游戏电竞、运动装备、影视、汽车、数码、情感等一切人和事的见解，热闹、真实、有温度。
kugou.com,休闲娱乐,酷狗音乐,百度关键词 | 酷狗音乐 | 酷狗 | 5sing | 我告诉你 | 酷狗音乐在线听歌曲 | 360关键词 | 酷狗音乐 | 酷狗 | 5sing | 周杰伦歌曲 | 酷狗音乐在线听歌曲,酷狗音乐旗下新全的在线正版音乐网站，本站为您免费提供海量的在线音乐试听下载，以及全球海量电台和mv播放服务、最新音乐播放器下载。酷狗音乐 和音乐在一起。
1905.com,休闲娱乐,电影网,百度关键词 | 电影网 | 斗破苍穹首部电影定档 | www. | 1905电影 | 血战湘江 | 360关键词 | 电影网 | 免费电影 | 1905电影 | 追月 | 重庆森林,国家新闻出版广电总局直属媒体-1905电影网（电影频道官方网站），涵盖新电影、好看的电影、经典电影、电影推荐、免费电影、高清电影在线观看及海量新电影图文视频资讯，看电影就上电影网1905.com。
jjwxc.net,休闲娱乐,晋江文学城,百度关键词 | 晋江文学城 | 错撩小说 | 晋江文学城官网 | 晋江文学城手机版 | 欢迎进入梦魇直播间 | 360关键词 | 晋江文学城 | 晋江 | 晋江文学城官网 | 晋江文学城手机版 | 晋江文学城电脑版,"《晋江文学城》提供原创言情小说,穿越言情小说,耽美言情小说,同人言情小说在线阅读,免费言情小说电子书,手机言情小说,言情小说下载,手机小说在线阅读,都市言情小说,更新快,页面简洁。"
3dmgame.com,休闲娱乐,3DMGAME,百度关键词 | 3dm | 3dm论坛 | 3dm游戏网 | ce修改器 | dnf2018夏日套 | 360关键词 | 3dm | 3dm论坛 | 3 | 风灵月影 | 罗技驱动,"3dmgame以专业的单机游戏新闻中心，攻略中心,丰富的单机游戏下载大全中文版下载资源，强的游戏改造和汉化能力,强大的单机游戏论坛为重要组成部分,拥有全国一流的单机游戏平台,成为游戏玩家首要选择的游戏资讯门户网站。"
youku.com,休闲娱乐,优酷网,百度关键词 | 优酷 | 优酷视频 | 火星情报局 | 为有暗香来 | 王牌对王牌 | 360关键词 | 优酷 | 优酷视频 | 优酷视频官网 | 徐峥被曝是tst公司红酒代言人 | 久别的草原在线影院电影观看中文,"优酷-中国第一视频网站,提供视频播放,视频发布,视频搜索 - 视频服务平台,提供视频播放,视频发布,视频搜索,视频分享 - 优酷视频。"
tv.sohu.com,休闲娱乐,搜狐视频,百度关键词 | 搜狐视频 | 法医秦明 | 屌丝男士 | 黑豹2在线观看完整版免费高清 | 人生路不熟高清 | 360关键词 | 星辰影院 | 搜狐视频 | 黄色 | 日本毛片免费视频观看 | 星辰影视,搜狐视频是搜狐旗下专业的综合视频网站，提供正版高清电影、电视剧、综艺、纪录片、动漫等。网罗新热新闻、娱乐咨询，同时提供免费视频空间和视频分享服务。
v.qq.com,休闲娱乐,腾讯视频,百度关键词 | 腾讯视频 | 腾讯视频官网 | txsp | 斗罗大陆2绝世唐门 | 女士的法则 | 360关键词 | 腾讯视频 | 腾讯 | 腾讯视频官网 | 视频 | txsp,腾讯视频致力于打造中国领先的在线视频媒体平台，以丰富的内容、极致的观看体验、便捷的登录方式、24小时多平台无缝应用体验以及快捷分享的产品特性，主要满足用户在线观看视频的需求。
bilibili.com,休闲娱乐,哔哩哔哩弹幕视频网,百度关键词 | 哔哩哔哩 | bilibili | b站 | 仲尼溺亡 妻子卡琳娜掩面而泣 | 南方女生穿泳装在雪地里“游泳” | 360关键词 | 哔哩哔哩 | bilibili | b站 | bili | 哔哩哔哩b站官网,bilibili是国内知名的视频弹幕网站，这里有及时的动漫新番，棒的acg氛围，有创意的up主。大家可以在这里找到许多欢乐。
movie.douban.com,休闲娱乐,豆瓣电影,百度关键词 | 豆瓣电影 | 豆瓣评分 | 王健林 | 快乐再出发 | 他是谁 豆瓣 | 360关键词 | 豆瓣电影 | 奥本海默 | 王星辰 | v世代 | 掮客 电影,豆瓣电影提供新的电影介绍及评论包括上映影片的影讯查询及购票服务。你可以记录想看、在看和看过的电影电视剧，顺便打分、写影评。根据你的口味，豆瓣电影会推荐好电影给你。
qidian.com,休闲娱乐,起点中文网,百度关键词 | 起点 | 起点中文小说网 | 万相之王 | 万古神帝 | 深空彼岸 小说 | 360关键词 | 起点 | 起点中文小说网 | 小说排行榜 | 起点中文网 | 我的夫人竟是魔教教主,"起点中文网(www.qidian.com)创立于2002年5月，是国内最大的原创文学网站之一，隶属于国内最大的数字内容综合平台——阅文集团旗下。起点中文网以推动中国原创文学事业为宗旨，长期致力于原创文学作者的挖掘与培养，并取得了巨大成果。起点中文小说网提供免费小说,玄幻小说,武侠小说,言情小说,小说网各类小说下载。"
iqiyi.com,休闲娱乐,爱奇艺,百度关键词 | 爱奇艺 | 无所畏惧 | 爱奇艺官网 | 忠犬八公 电影 | 长空之王 电影 | 360关键词 | 爱奇艺 | 爱奇艺官网 | one冠军赛 | 爱奇艺体育 | 我爱你电影完整版免费观看,爱奇艺（iqiyi.com）是全球领先的提供海量、优质、高清的网络视频服务的大型视频网站，网络视频播放首选平台。爱奇艺影视内容丰富多元，涵盖电影、电视剧、动漫、综艺、生活、音乐、搞笑、财经、军事、体育、片花、资讯、微电影、儿童、母婴、教育、科技、时尚、原创、公益、游戏、旅游、拍客、汽车、纪录片、爱奇
